Date,Value,
2009/11/16,621.65,1
2009/12/16,609.67,2
9/13/16,610.92,3
9/14/16,608.82,4
9/15/16,610.38,5
9/16/16,609.11,6
9/17/16,607.04,7
9/18/16,611.58,8
9/19/16,610.19,9
9/20/16,608.66,10
9/21/16,598.88,11
9/22/16,597.42,12
9/23/16,594.08,13
9/24/16,603.88,14
9/25/16,601.74,15
9/26/16,598.98,16
9/27/16,605.96,17
9/28/16,605.67,18
9/29/16,603.85,19
9/30/16,609.39,20
2010/1/16,614.82,21
2010/2/16,612.98,22
2010/3/16,611.85,23
2010/4/16,609.62,24
2010/5/16,607.18,25
2010/6/16,612.08,26
2010/7/16,617.21,27
2010/8/16,614.74,28
2010/9/16,615.65,29
2010/10/16,617.54,30
2010/11/16,614.77,31
2010/12/16,635.01,32
10/13/16,635.96,33
10/14/16,634.02,34
10/15/16,637.94,35
10/16/16,641.42,36
10/17/16,638.97,37
10/18/16,636.29,38
10/19/16,629.25,39
10/20/16,627.72,40
10/21/16,631.92,41
10/22/16,655.48,42
10/23/16,653.25,43
10/24/16,651.39,44
10/25/16,655.31,45
10/26/16,651.45,46
10/27/16,682.22,47
10/28/16,687.68,48
10/29/16,685.91,49
10/30/16,698,50
10/31/16,702,51
2011/1/16,697.01,52
2011/2/16,733.33,53
2011/3/16,686.17,54
2011/4/16,683.69,55
2011/5/16,704.79,56
2011/6/16,712,57
2011/7/16,709.96,58
2011/8/16,708.97,59
2011/9/16,720.93,60
2011/10/16,721.5,61
2011/11/16,715.45,62
2011/12/16,703.71,63
11/13/16,702.28,64
11/14/16,706.46,65
11/15/16,710.91,66
11/16/16,711.73,67
11/17/16,736.96,68
11/18/16,747.52,69
11/19/16,748.98,70
11/20/16,729.06,71
11/21/16,738.53,72
11/22/16,736.97,73
11/23/16,741.63,74
11/24/16,737.45,75
11/25/16,735.64,76
11/26/16,733.67,77
11/27/16,727.96,78
11/28/16,727.31,79
11/29/16,732.71,80
11/30/16,742.69,81
2012/1/16,742.05,82
2012/2/16,772.43,83
2012/3/16,764.33,84
2012/4/16,762.97,85
2012/5/16,754.63,86
2012/6/16,756.62,87
2012/7/16,758.99,88
2012/8/16,769.72,89
2012/9/16,770.02,90
2012/10/16,769.08,91
2012/11/16,777,92
2012/12/16,777,93
12/13/16,777.99,94
12/14/16,774.89,95
12/15/16,776.75,96
12/16/16,775.88,97
12/17/16,788.7,98
12/18/16,788.4,99
12/19/16,788.67,100
12/20/16,793.09,101
12/21/16,824.21,102
12/22/16,834.97,103
12/23/16,901.31,104
12/24/16,891.61,105
12/25/16,892.6,106
12/26/16,897.33,107
12/27/16,930.37,108
12/28/16,930.34,109
12/29/16,963.38,110
12/30/16,952.15,111
12/31/16,958.12,112
2001/1/17,997.72,113
2001/2/17,1015.97,114
2001/3/17,1013.42,115
2001/4/17,1126.76,116
2001/5/17,994.67,117
2001/6/17,999.65,118
2001/7/17,896.83,119
2001/8/17,908.14,120
2001/9/17,910.49,121
2001/10/17,906.05,122
2001/11/17,785.22,123
2001/12/17,780.92,124
1/13/17,826.29,125
1/14/17,817.91,126
1/15/17,819.55,127
1/16/17,830.5,128
1/17/17,903.84,129
1/18/17,906.6,130
1/19/17,895.798875,131
1/20/17,893.6210875,132
1/21/17,895.64,133
1/22/17,918.603625,134
1/23/17,922.0736125,135
1/24/17,919.97,136
1/25/17,893.045625,137
1/26/17,915.95625,138
1/27/17,915.05,139
1/28/17,920.31225,140
1/29/17,915.933,141
1/30/17,912.19,142
1/31/17,964.706075,143
2002/1/17,979.703875,144
2002/2/17,983.42,145
2002/3/17,1013.027,146
2002/4/17,1030.999413,147
2002/5/17,1034.07,148
2002/6/17,1024.01375,149
2002/7/17,1050.11,150
2002/8/17,1052.84,151
2002/9/17,976.103,152
2002/10/17,999.1035,153
2002/11/17,997.59,154
2002/12/17,1000.604625,155
2/13/17,999.877375,156
2/14/17,1001.2,157
2/15/17,1012.325988,158
2/16/17,1035.208125,159
2/17/17,1035.2,160
2/18/17,1056.637138,161
2/19/17,1052.779286,162
2/20/17,1050.87,163
2/21/17,1123.788429,164
2/22/17,1123.223188,165
2/23/17,1130.01,166
2/24/17,1174.86625,167
2/25/17,1150.605714,168
2/26/17,1150.37,169
2/27/17,1190.75195,170
2/28/17,1187.565286,171
2003/1/17,1190.89,172
2003/2/17,1259.410817,173
2003/3/17,1285.14,174
2003/4/17,1287,175
2003/5/17,1270.9333,176
2003/6/17,1275.197375,177
2003/7/17,1279.5,178
2003/8/17,1157.3933,179
2003/9/17,1192.469143,180
2003/10/17,1192.09,181
2003/11/17,1179.159875,182
2003/12/17,1227.494625,183
3/13/17,1227.68,184
3/14/17,1245.370786,185
3/15/17,1257.399625,186
3/16/17,1257,187
3/17/17,1091.171888,188
3/18/17,952.2323625,189
3/19/17,967.69,190
3/20/17,1049.084488,191
3/21/17,1118.630043,192
3/22/17,1113,193
3/23/17,1038.789,194
3/24/17,941.9197143,195
3/25/17,927.93,196
3/26/17,956.7863125,197
3/27/17,1037.22925,198
3/28/17,1041.04,199
3/29/17,1040.5755,200
3/30/17,1037.90455,201
3/31/17,1034.74,202
2004/1/17,1086.929571,203
2004/2/17,1099.169125,204
2004/3/17,1079.99,205
2004/4/17,1141.600363,206
2004/5/17,1133.079314,207
2004/6/17,1133.53,208
2004/7/17,1190.45425,209
2004/8/17,1181.149838,210
2004/9/17,1184.03,211
2004/10/17,1207.744875,212
2004/11/17,1226.617038,213
2004/12/17,1219.09,214
4/13/17,1180.023713,215
4/14/17,1185.260057,216
4/15/17,1170.36,217
4/16/17,1186.927413,218
4/17/17,1205.634875,219
4/18/17,1176.97,220
4/19/17,1217.930088,221
4/20/17,1241.686325,222
4/21/17,1236.63,223
4/22/17,1261.311225,224
4/23/17,1257.988113,225
4/24/17,1240.84,226
4/25/17,1279.414688,227
4/26/17,1309.109875,228
4/27/17,1288.02,229
4/28/17,1331.294429,230
4/29/17,1334.979038,231
4/30/17,1333,232
2005/1/17,1417.172813,233
2005/2/17,1452.076288,234
2005/3/17,1447.55,235
2005/4/17,1508.292125,236
2005/5/17,1533.335071,237
2005/6/17,1518.75,238
2005/7/17,1535.868429,239
2005/8/17,1640.619225,240
2005/9/17,1651.1,241
2005/10/17,1762.88625,242
2005/11/17,1820.990563,243
2005/12/17,1829,244
5/13/17,1771.920013,245
5/14/17,1776.3165,246
5/15/17,1780,247
5/16/17,1739.031975,248
5/17/17,1807.485063,249
5/18/17,1783.98,250
5/19/17,1961.520488,251
5/20/17,2052.909788,252
5/21/17,2008.84,253
5/22/17,2090.662313,254
5/23/17,2287.710288,255
5/24/17,2256.32,256
5/25/17,2387.206286,257
5/26/17,2211.976857,258
5/27/17,2279.82,259
5/28/17,2192.9808,260
5/29/17,2275.9307,261
5/30/17,2290.02,262
5/31/17,2285.933914,263
2006/1/17,2399.242671,264
2006/2/17,2409.93,265
2006/3/17,2525.765158,266
2006/4/17,2516.173143,267
2006/5/17,2529.53,268
2006/6/17,2883.313697,269
2006/7/17,2664.920863,270
2006/8/17,2683.03,271
2006/9/17,2827.4913,272
2006/10/17,2845.372857,273
2006/11/17,2898.63,274
2006/12/17,2657.675063,275
6/13/17,2748.185086,276
6/14/17,2706,277
6/15/17,2442.48025,278
6/16/17,2464.959814,279
6/17/17,2477.94,280
6/18/17,2507.389252,281
6/19/17,2617.210263,282
6/20/17,2600,283
6/21/17,2671.04325,284
6/22/17,2727.288013,285
6/23/17,2713.48,286
6/24/17,2589.164888,287
6/25/17,2512.366286,288
6/26/17,2502.03,289
6/27/17,2517.903114,290
6/28/17,2585.349186,291
6/29/17,2558.3,292
6/30/17,2477.641375,293
2007/1/17,2501.191343,294
2007/2/17,2421.26,295
2007/3/17,2561.225429,296
2007/4/17,2599.729838,297
2007/5/17,2598.89,298
2007/6/17,2609.96775,299
2007/7/17,2491.201214,300
2007/8/17,2502.86,301
2007/9/17,2536.238938,302
2007/10/17,2366.170143,303
2007/11/17,2327.09,304
2007/12/17,2385.748571,305
7/13/17,2354.783417,306
7/14/17,2338.49,307
7/15/17,2058.9956,308
7/16/17,1931.2143,309
7/17/17,1910.96,310
7/18/17,2320.12225,311
7/19/17,2264.7657,312
7/20/17,2265.21,313
7/21/17,2682.195363,314
7/22/17,2807.609857,315
7/23/17,2825.51,316
7/24/17,2751.821029,317
7/25/17,2560.997917,318
7/26/17,2564.3,319
7/27/17,2647.625,320
7/28/17,2781.636583,321
7/29/17,2784.8,322
7/30/17,2745.955417,323
7/31/17,2866.431667,324
2008/1/17,2862.9,325
2008/2/17,2693.633983,326
2008/3/17,2794.117717,327
2008/4/17,2790,328
2008/5/17,3218.115017,329
2008/6/17,3252.562533,330
2008/7/17,3210.2,331
2008/8/17,3457.374333,332
2008/9/17,3357.326317,333
2008/10/17,3340.28,334
2008/11/17,3632.506667,335
2008/12/17,3852.802914,336
8/13/17,3868.52,337
8/14/17,4282.992,338
8/15/17,4217.028329,339
8/16/17,4179.97,340
8/17/17,4328.725717,341
8/18/17,4130.440067,342
8/19/17,4104.71,343
8/20/17,4157.958033,344
8/21/17,4043.722,345
8/22/17,3986.28,346
8/23/17,4174.95,347
8/24/17,4340.316717,348
8/25/17,4331.77,349
8/26/17,4360.513317,350
8/27/17,4354.308333,351
8/28/17,4339.05,352
8/29/17,4607.98545,353
8/30/17,4594.98785,354
8/31/17,4582.52,355
2009/1/17,4911.740017,356
2009/2/17,4580.38748,357
2009/3/17,4585.57,358
2009/4/17,4344.098317,359
2009/5/17,4488.72014,360
2009/6/17,4385.02,361
2009/7/17,4654.6585,362
2009/8/17,4310.750183,363
2009/9/17,4312.26,364
2009/10/17,4329.955,365
2009/11/17,4248.090017,366
2009/12/17,4198.59,367
9/13/17,3961.271267,368
9/14/17,3319.63,369
9/15/17,3216.43,370
9/16/17,3763.62604,371
9/17/17,3746.060783,372
9/18/17,3678.53,373
9/19/17,3943.413333,374
9/20/17,3977.561667,375
9/21/17,3894.48,376
9/22/17,3637.50255,377
9/23/17,3776.3869,378
9/24/17,3777.62,379
9/25/17,3942.555,380
9/26/17,3910.307383,381
9/27/17,3881,382
9/28/17,4201.98905,383
9/29/17,4193.574667,384
9/30/17,4164.27,385
2010/1/17,4360.722967,386
2010/2/17,4386.88375,387
2010/3/17,4394.07,388
2010/4/17,4225.175,389
2010/5/17,4338.852,390
2010/6/17,4318.58,391
2010/7/17,4376.191667,392
2010/8/17,4602.280883,393
2010/9/17,4605.66,394
2010/10/17,4782.28,395
2010/11/17,4819.485767,396
2010/12/17,4822.17,397
10/13/17,5563.806567,398
10/14/17,5739.438733,399
10/15/17,5825.99,400
10/16/17,5711.205867,401
10/17/17,5603.71294,402
10/18/17,5594.66,403
10/19/17,5727.6335,404
10/20/17,5979.45984,405
10/21/17,5986.44,406
10/22/17,5983.18455,407
10/23/17,5876.079867,408
10/24/17,5900.59,409
10/25/17,5669.622533,410
10/26/17,5893.138417,411
10/27/17,5889.82,412
10/28/17,5776.69695,413
10/29/17,6155.43402,414
10/30/17,6136.49,415
10/31/17,6388.645167,416
2011/1/17,6665.306683,417
2011/2/17,6751.98,418
2011/3/17,7197.72006,419
2011/4/17,7437.543317,420
2011/5/17,7365.99,421
2011/6/17,6989.071667,422
2011/7/17,7092.127233,423
2011/8/17,7128.64,424
2011/9/17,7158.03706,425
2011/10/17,6719.39785,426
2011/11/17,6569.22,427
2011/12/17,5716.301583,428
11/13/17,6550.227533,429
11/14/17,6493.63,430
11/15/17,7301.42992,431
11/16/17,7815.0307,432
11/17/17,7868.77,433
11/18/17,7817.140383,434
11/19/17,8007.654067,435
11/20/17,8049.72,436
11/21/17,8059.8,437
11/22/17,8268.035,438
11/23/17,8236.72,439
11/24/17,8250.978333,440
11/25/17,8707.407267,441
11/26/17,8768.8,442
11/27/17,9718.29505,443
11/28/17,9952.50882,444
11/29/17,9919,445
11/30/17,10147.372,446
2012/1/17,10883.912,447
2012/2/17,10879.88,448
2012/3/17,11332.622,449
2012/4/17,11584.83,450
2012/5/17,11591.22,451
2012/6/17,13540.98,452
2012/7/17,16501.97167,453
2012/8/17,16860.88,454
2012/9/17,15142.83415,455
2012/10/17,14869.805,456
2012/11/17,15068.95,457
2012/12/17,17276.39333,458
12/13/17,16808.36667,459
12/14/17,16252.31,460
12/15/17,17771.9,461
12/16/17,19498.68333,462
12/17/17,19279.9,463
12/18/17,18961.85667,464
12/19/17,17737.11167,465
12/20/17,17382.94,466
12/21/17,16047.51,467
12/22/17,15190.945,468
12/23/17,13776.61,469
12/24/17,13949.175,470
12/25/17,14119.02833,471
12/26/17,13740.94,472
12/27/17,15589.32167,473
12/28/17,14380.58167,474
12/29/17,14214.01,475
12/30/17,13215.574,476
12/31/17,14165.575,477
2001/1/18,13796,478
2001/2/18,15005.85667,479
2001/3/18,15053.26167,480
2001/4/18,15039.24,481
2001/5/18,17174.12,482
2001/6/18,17319.198,483
2001/7/18,17155.95,484
2001/8/18,15265.90667,485
2001/9/18,14714.25333,486
2001/10/18,14437.42,487
2001/11/18,13296.794,488
2001/12/18,13912.882,489
1/13/18,13791.19,490
1/14/18,13852.92,491
1/15/18,14012.196,492
1/16/18,13554.14,493
1/17/18,11116.94667,494
1/18/18,11345.42333,495
1/19/18,11174.82,496
1/20/18,12950.79333,497
1/21/18,11505.228,498
1/22/18,11513.42,499
1/23/18,11223.064,500
1/24/18,11282.25833,501
1/25/18,11392.03,502
1/26/18,10969.815,503
1/27/18,11524.77667,504
1/28/18,11431.37,505
1/29/18,11212.655,506
1/30/18,10184.06167,507
1/31/18,10082.52,508
2002/1/18,9083.258333,509
2002/2/18,8901.901667,510
2002/3/18,8852.73,511
2002/4/18,8400.648333,512
2002/5/18,6838.816667,513
2002/6/18,6925.46,514
2002/7/18,8099.958333,515
2002/8/18,8240.536667,516
2002/9/18,8245.08,517
2002/10/18,8319.876566,518
2002/11/18,8343.455,519
2002/12/18,8068.02,520
2/13/18,8597.7675,521
2/14/18,9334.633333,522
2/15/18,9471.64,523
2/16/18,10127.16167,524
2/17/18,10841.99167,525
2/18/18,11085.83,526
2/19/18,11110.965,527
2/20/18,11390.39167,528
2/21/18,11245.98,529
2/22/18,9931.071667,530
2/23/18,10162.11667,531
2/24/18,10171.3,532
2/25/18,9696.593333,533
2/26/18,10348.60333,534
2/27/18,10319.46,535
2/28/18,10370.165,536
2003/1/18,11009.38167,537
2003/2/18,10931.12,538
2003/3/18,11326.94833,539
2003/4/18,11430.18167,540
2003/5/18,11516.83,541
2003/6/18,10763.19833,542
2003/7/18,10118.058,543
2003/8/18,9920.46,544
2003/9/18,9089.278333,545
2003/10/18,8746.002,546
2003/11/18,8777.37,547
2003/12/18,9182.843333,548
3/13/18,9154.7,549
3/14/18,9153.54,550
3/15/18,8358.121667,551
3/16/18,8530.402,552
3/17/18,8297.89,553
3/18/18,8171.415,554
3/19/18,8412.033333,555
3/20/18,8605.64,556
3/21/18,8947.753333,557
3/22/18,8690.408333,558
3/23/18,8725.37,559
3/24/18,8662.378333,560
3/25/18,8617.296667,561
3/26/18,8457.96,562
3/27/18,7876.195,563
3/28/18,7960.38,564
3/29/18,7950.61,565
3/30/18,6882.531667,566
3/31/18,6935.48,567
2004/1/18,6937.56,568
2004/2/18,7035.848333,569
2004/3/18,7410.435,570
2004/4/18,7426.48,571
2004/5/18,6826.51,572
2004/6/18,6603.876667,573
2004/7/18,6634.68,574
2004/8/18,7017.656667,575
2004/9/18,6699.273333,576
2004/10/18,6784.41,577
2004/11/18,6926.266667,578
2004/12/18,7847.845,579
4/13/18,7941.46,580
4/14/18,8036.511051,581
4/15/18,8340.748333,582
4/16/18,8368.1,583
4/17/18,7895.416926,584
4/18/18,8164.937426,585
4/19/18,8175.96,586
4/20/18,8852.718333,587
4/21/18,8807.205,588
4/22/18,8930.6,589
4/23/18,8933.861667,590
4/24/18,9555.542,591
4/25/18,9658.11,592
4/26/18,9258.398333,593
4/27/18,9010.32,594
4/28/18,8928.55,595
4/29/18,9334.281667,596
4/30/18,9259.57,597
2005/1/18,9239.55,598
2005/2/18,9221.426,599
2005/3/18,9639.268333,600
2005/4/18,9753.35,601
2005/5/18,9803.306667,602
2005/6/18,9630.136277,603
2005/7/18,9631.44,604
2005/8/18,9228.608333,605
2005/9/18,9322.041667,606
2005/10/18,9310.37,607
2005/11/18,8468.788,608
2005/12/18,8484.346667,609
5/13/18,8463.52,610
5/14/18,8652.038333,611
5/15/18,8511.458,612
5/16/18,8471.06,613
5/17/18,8106.118333,614
5/18/18,8240.055,615
5/19/18,8239.08,616
5/20/18,8507.406667,617
5/21/18,8385.556187,618
5/22/18,8396.63,619
5/23/18,7555.74,620
5/24/18,7566.193333,621
5/25/18,7576.78,622
5/26/18,7342.908333,623
5/27/18,7361.831667,624
5/28/18,7344.56,625
5/29/18,7459.876667,626
5/30/18,7385.395,627
5/31/18,7386.72,628
2006/1/18,7535.146667,629
2006/2/18,7645.146667,630
2006/3/18,7637.14,631
2006/4/18,7500.273333,632
2006/5/18,7615.722142,633
2006/6/18,7619.43,634
2006/7/18,7676.271667,635
2006/8/18,7620.153333,636
2006/9/18,7615.54,637
2006/10/18,6776.888333,638
2006/11/18,6875.678333,639
2006/12/18,6879.31,640
6/13/18,6315.7,641
6/14/18,6647.013333,642
6/15/18,6637.41,643
6/16/18,6509.426667,644
6/17/18,6464.411667,645
6/18/18,6445.79,646
6/19/18,6737,647
6/20/18,6714.718333,648
6/21/18,6760.83,649
6/22/18,6332.573333,650
6/23/18,6141.605833,651
6/24/18,6170.46,652
6/25/18,6211.4475,653
6/26/18,6218.595,654
6/27/18,6097.46,655
6/28/18,6107.896154,656
6/29/18,5908.7025,657
6/30/18,6223.28,658
2007/1/18,6374.754167,659
2007/2/18,6466.069167,660
2007/3/18,6626.44,661
2007/4/18,6593.289167,662
2007/5/18,6603.376667,663
2007/6/18,6555.51,664
2007/7/18,6594.281667,665
2007/8/18,6753.559167,666
2007/9/18,6724.04,667
2007/10/18,6510.791667,668
2007/11/18,6377.363333,669
2007/12/18,6403.18,670
7/13/18,6244.3575,671
7/14/18,6241,672
7/15/18,6248.84,673
7/16/18,6514.390833,674
7/17/18,6869.910833,675
7/18/18,7321.62,676
7/19/18,7396.401667,677
7/20/18,7428.045,678
7/21/18,7334.99,679
7/22/18,7451.289167,680
7/23/18,7689.884167,681
7/24/18,7715.1,682
7/25/18,8251.165,683
7/26/18,8187.324167,684
7/27/18,7939.81,685
7/28/18,8182.251667,686
7/29/18,8206.341667,687
7/30/18,8220.91,688
7/31/18,7916.800833,689
2008/1/18,7570.869167,690
2008/2/18,7607.7,691
2008/3/18,7394.499167,692
2008/4/18,7247.769167,693
2008/5/18,7011.28,694
2008/6/18,6988.079167,695
2008/7/18,6993.513333,696
2008/8/18,6718.23,697
2008/9/18,6396.7725,698
2008/10/18,6396.494667,699
2008/11/18,6138.96,700
2008/12/18,6311.131667,701
8/13/18,6347.07,702
8/14/18,6252.13,703
8/15/18,6362.676923,704
8/16/18,6342.629231,705
8/17/18,6312.75,706
8/18/18,6436.720833,707
8/19/18,6404.063333,708
8/20/18,6486.58,709
8/21/18,6401.246154,710
8/22/18,6575.229167,711
8/23/18,6354.57,712
8/24/18,6543.645714,713
8/25/18,6719.429231,714
8/26/18,6738.27,715
8/27/18,6719.266154,716
8/28/18,7000.04,717
8/29/18,7078.19,718
8/30/18,6932.6625,719
8/31/18,6981.946154,720
2009/1/18,7018.78,721
2009/2/18,7247.935385,722
2009/3/18,7260.949231,723
2009/4/18,7265.08,724
2009/5/18,7113.069231,725
2009/6/18,6433.271667,726
2009/7/18,6501.19,727
2009/8/18,6366.1075,728
2009/9/18,6286.425833,729
2009/10/18,6240.98,730
2009/11/18,6296.320833,731
2009/12/18,6273.1375,732
9/13/18,6326.04,733
9/14/18,6499.0625,734
9/15/18,6518.655,735
9/16/18,6522.39,736
9/17/18,6400.600833,737
9/18/18,6296.631667,738
9/19/18,6342.39,739
9/20/18,6418.562667,740
9/21/18,6669.990833,741
9/22/18,6756.12,742
9/23/18,6710.445,743
9/24/18,6639.304167,744
9/25/18,6583.45,745
9/26/18,6468.631667,746
9/27/18,6535.476667,747
9/28/18,6686.08,748
9/29/18,6550.474167,749
9/30/18,6593.135,750
2010/1/18,6611.02,751
2010/2/18,6562.641667,752
2010/3/18,6470.4025,753
2010/4/18,6483.73,754
2010/5/18,6568.549167,755
2010/6/18,6581.486667,756
2010/7/18,6573.62,757
2010/8/18,6618.567692,758
2010/9/18,6621.711667,759
2010/10/18,6626.85,760
2010/11/18,6248.635833,761
2010/12/18,6260.530833,762
10/13/18,6247,763
10/14/18,6299.399167,764
10/15/18,6452.571667,765
10/16/18,6599.17,766
10/17/18,6596.276154,767
10/18/18,6568.040769,768
10/19/18,6509.61,769
10/20/18,6488.825833,770
10/21/18,6531.601667,771
10/22/18,6504.78,772
10/23/18,6481.426,773
10/24/18,6508.31,774
10/25/18,6489.77,775
10/26/18,6473.753333,776
10/27/18,6465.9175,777
10/28/18,6457.21,778
10/29/18,6382.668333,779
10/30/18,6309.452857,780
10/31/18,6301.61,781
2011/1/18,6342.280833,782
2011/2/18,6387.674167,783
2011/3/18,6390.42,784
2011/4/18,6391.873333,785
2011/5/18,6436.965,786
2011/6/18,6437.76,787
2011/7/18,6538.79,788
2011/8/18,6486.251667,789
2011/9/18,6444.97,790
2011/10/18,6399.033333,791
2011/11/18,6378.268333,792
2011/12/18,6408.53,793
11/13/18,6372.063333,794
11/14/18,6176.155,795
11/15/18,5756.77,796
11/16/18,5596.1925,797
11/17/18,5558.243333,798
11/18/18,5572.44,799
11/19/18,5303.9425,800
11/20/18,4671.97,801
11/21/18,4491.98,802
11/22/18,4548.7975,803
11/23/18,4309.3375,804
11/24/18,4352.98,805
11/25/18,3823.511667,806
11/26/18,3920.536667,807
11/27/18,3793.35,808
11/28/18,4103.453846,809
11/29/18,4263.783333,810
11/30/18,4278.77,811
2012/1/18,4116.7775,812
2012/2/18,4167.546667,813
2012/3/18,4140.6,814
2012/4/18,3961.493333,815
2012/5/18,3858.349167,816
2012/6/18,3744.98,817
2012/7/18,3405.643333,818
2012/8/18,3435.34,819
2012/9/18,3453.66,820
2012/10/18,3523.96,821
2012/11/18,3426.19,822
2012/12/18,3407.28,823
12/13/18,3406.7625,824
12/14/18,3278.374167,825
12/15/18,3242.42,826
12/16/18,3271.238333,827
12/17/18,3392.405,828
12/18/18,3556.54,829
12/19/18,3808.0425,830
12/20/18,3982.850833,831
12/21/18,4135.19,832
12/22/18,3910.973333,833
12/23/18,4027.478333,834
12/24/18,3995.17,835
12/25/18,3813.88,836
12/26/18,3825.379167,837
12/27/18,3848.21,838
12/28/18,3743.905,839
12/29/18,3912.285833,840
12/30/18,3770.36,841
12/31/18,3791.545833,842
2001/1/19,3752.271667,843
2001/2/19,3855.88,844
2001/3/19,3865.7975,845
2001/4/19,3822.626667,846
2001/5/19,3856.62,847
2001/6/19,3920.456667,848
2001/7/19,4036.093333,849
2001/8/19,4032.25,850
2001/9/19,4034.138333,851
2001/10/19,3812.585833,852
2001/11/19,3646.25,853
2001/12/19,3646.345833,854
1/13/19,3599.841667,855
1/14/19,3531.96,856
1/15/19,3656.785,857
1/16/19,3621.270833,858
1/17/19,3621.43,859
1/18/19,3632.395,860
1/19/19,3690.523333,861
1/20/19,3703.98,862
1/21/19,3548.4275,863
1/22/19,3540.02,864
1/23/19,3587.35,865
1/24/19,3566.4,866
1/25/19,3586.25,867
1/26/19,3577.79,868
1/27/19,3576.3,869
1/28/19,3554.5,870
1/29/19,3448.58,871
1/30/19,3421.6,872
1/31/19,3470,873
2002/1/19,3444.81,874
2002/2/19,3475.33,875
2002/3/19,3506.22,876
2002/4/19,3456.02,877
2002/5/19,3452.35,878
2002/6/19,3467.34,879
2002/7/19,3405.7,880
2002/8/19,3394.76,881
2002/9/19,3661.08,882
2002/10/19,3664.38,883
2002/11/19,3686.29,884
2002/12/19,3629.47,885
2/13/19,3632.42,886
2/14/19,3614.5,887
2/15/19,3600.31,888
2/16/19,3608.2,889
2/17/19,3619.55,890
2/18/19,3670.74,891
2/19/19,3910.8,892
2/20/19,3926.53,893
2/21/19,3987.18,894
2/22/19,3944.88,895
2/23/19,3983.48,896
2/24/19,4139.6,897
2/25/19,3766.89,898
2/26/19,3848.33,899
2/27/19,3831.45,900
2/28/19,3833.23,901
2003/1/19,3850.08,902
2003/2/19,3834.62,903
2003/3/19,3831.44,904
2003/4/19,3814.58,905
2003/5/19,3730.98,906
2003/6/19,3872.25,907
2003/7/19,3876.85,908
2003/8/19,3886.82,909
2003/9/19,3875.96,910
2003/10/19,3950.56,911
2003/11/19,3928.17,912
2003/12/19,3881.09,913
3/13/19,3892.51,914
3/14/19,3877.77,915
3/15/19,3885.21,916
3/16/19,3936.5,917
3/17/19,4015.95,918
3/18/19,3994.92,919
3/19/19,3998.77,920
3/20/19,4029.11,921
3/21/19,4056.4,922
3/22/19,3992.34,923
3/23/19,3999.06,924
3/24/19,4011.92,925
3/25/19,3994.11,926
3/26/19,3935.89,927
3/27/19,3947.74,928
3/28/19,4048.51,929
3/29/19,4037.37,930
3/30/19,4115.55,931
3/31/19,4114.44,932
2004/1/19,4114.16,933
2004/2/19,4152.53,934
2004/3/19,4882.88,935
2004/4/19,4959.81,936
2004/5/19,4911.24,937
2004/6/19,5028.77,938
2004/7/19,5053.52,939
2004/8/19,5189.39,940
2004/9/19,5268.71,941
2004/10/19,5175.81,942
2004/11/19,5310.18,943
2004/12/19,5035.02,944
4/13/19,5072.85,945
4/14/19,5064.62,946
4/15/19,5152.51,947
4/16/19,5036.18,948
4/17/19,5196.65,949
4/18/19,5220.37,950
4/19/19,5276.31,951
4/20/19,5277.04,952
4/21/19,5309.28,953
4/22/19,5281.83,954
4/23/19,5377.19,955
4/24/19,5518.16,956
4/25/19,5434.19,957
4/26/19,5195.61,958
4/27/19,5292.83,959
4/28/19,5280.19,960
4/29/19,5301.29,961
4/30/19,5260.65,962
2005/1/19,5269.79,963
2005/2/19,5326.67,964
2005/3/19,5390.16,965
2005/4/19,5657.14,966
2005/5/19,5771.08,967
2005/6/19,5717.66,968
2005/7/19,5684.47,969
2005/8/19,5755.72,970
2005/9/19,5936.72,971
2005/10/19,6146.91,972
2005/11/19,6348.02,973
2005/12/19,7248.31,974
5/13/19,6978.63,975
5/14/19,7823.11,976
5/15/19,7992.69,977
5/16/19,8206.9,978
5/17/19,7885.96,979
5/18/19,7362.22,980
5/19/19,7265.05,981
5/20/19,8193.7,982
5/21/19,8007.03,983
5/22/19,7952.5,984
5/23/19,7625.93,985
5/24/19,7880.29,986
5/25/19,8003.26,987
5/26/19,8071.45,988
5/27/19,8744.42,989
5/28/19,8770.06,990
5/29/19,8719.88,991
5/30/19,8662.98,992
5/31/19,8272.46,993
2006/1/19,8553.81,994
2006/2/19,8554.8,995
2006/3/19,8739.03,996
2006/4/19,8134.92,997
2006/5/19,7675.8,998
2006/6/19,7786.04,999
2006/7/19,7803.23,1000
2006/8/19,7998.29,1001
2006/9/19,7931.34,1002
2006/10/19,7640.61,1003
2006/11/19,8020.38,1004
2006/12/19,7917.58,1005
6/13/19,8173.06,1006
6/14/19,8237.88,1007
6/15/19,8693.6,1008
6/16/19,8859.47,1009
6/17/19,8978.99,1010
6/18/19,9327.48,1011
6/19/19,9076.18,1012
6/20/19,9281.7,1013
6/21/19,9531.35,1014
6/22/19,10209.38,1015
6/23/19,10668.63,1016
6/24/19,10814.48,1017
6/25/19,11017.5,1018
6/26/19,11766.4,1019
6/27/19,12932.55,1020
6/28/19,11132.85,1021
6/29/19,12374.35,1022
6/30/19,11890.38,1023
2007/1/19,10737.73,1024
2007/2/19,10578.72,1025
2007/3/19,10805.4,1026
2007/4/19,11984.76,1027
2007/5/19,11160.49,1028
2007/6/19,10955.16,1029
2007/7/19,11232.04,1030
2007/8/19,11477.01,1031
2007/9/19,12313.08,1032
2007/10/19,12586.78,1033
2007/11/19,12099.9,1034
2007/12/19,11352.87,1035
7/13/19,11803.97,1036
7/14/19,11389.1,1037
7/15/19,10186.96,1038
7/16/19,10873.5,1039
7/17/19,9397.72,1040
7/18/19,9674.28,1041
7/19/19,10638.56,1042
7/20/19,10535.75,1043
7/21/19,10764.9,1044
7/22/19,10587.41,1045
7/23/19,10323.62,1046
7/24/19,9844.3,1047
7/25/19,9772.17,1048
7/26/19,9875.17,1049
7/27/19,9848.65,1050
7/28/19,9473.99,1051
7/29/19,9530,1052
7/30/19,9501.33,1053
7/31/19,9589.13,1054
2008/1/19,10084.7,1055
2008/2/19,10407.17,1056
2008/3/19,10529.55,1057
2008/4/19,10814.57,1058
2008/5/19,10980.23,1059
2008/6/19,11787.99,1060
2008/7/19,11465.67,1061
2008/8/19,11960.82,1062
2008/9/19,11996.41,1063
2008/10/19,11856.64,1064
2008/11/19,11282.22,1065
2008/12/19,11566.84,1066
8/13/19,11386.26,1067
8/14/19,10858.12,1068
8/15/19,10016.96,1069
8/16/19,10302.17,1070
8/17/19,10359.44,1071
8/18/19,10214.52,1072
8/19/19,10317.6,1073
8/20/19,10917.26,1074
8/21/19,10760.56,1075
8/22/19,10129.4,1076
8/23/19,10111.98,1077
8/24/19,10405.81,1078
8/25/19,10143.8,1079
8/26/19,10135.06,1080
8/27/19,10360.28,1081
8/28/19,10171.95,1082
8/29/19,9717.82,1083
8/30/19,9484.55,1084
8/31/19,9577.99,1085
2009/1/19,9600.9,1086
2009/2/19,9769.79,1087
2009/3/19,10386.64,1088
2009/4/19,10621.29,1089
2009/5/19,10584.16,1090
2009/6/19,10577.8,1091
2009/7/19,10317.47,1092
2009/8/19,10487.21,1093
2009/9/19,10406.31,1094
2009/10/19,10313.66,1095
2009/11/19,10101.03,1096
2009/12/19,10159.32,1097
9/13/19,10420.16,1098
9/14/19,10363.9,1099
9/15/19,10361.33,1100
9/16/19,10310.43,1101
9/17/19,10265.63,1102
9/18/19,10190.36,1103
9/19/19,10157.59,1104
9/20/19,10275.88,1105
9/21/19,10173.11,1106
9/22/19,9979.49,1107
9/23/19,10033.05,1108
9/24/19,9683.38,1109
9/25/19,8553.61,1110
9/26/19,8432.23,1111
9/27/19,8055.64,1112
9/28/19,8193.9,1113
9/29/19,8225,1114
9/30/19,8056.74,1115
2010/1/19,8307.74,1116
2010/2/19,8322.92,1117
2010/3/19,8382.03,1118
2010/4/19,8236.17,1119
2010/5/19,8155.48,1120
2010/6/19,8147.69,1121
2010/7/19,7869.74,1122
2010/8/19,8212.02,1123
2010/9/19,8190,1124
2010/10/19,8587.92,1125
2010/11/19,8586.9,1126
2010/12/19,8269.73,1127
10/13/19,8308.01,1128
10/14/19,8283.76,1129
10/15/19,8353.54,1130
10/16/19,8162.16,1131
10/17/19,8002.51,1132
10/18/19,8076.78,1133
10/19/19,7954.15,1134
10/20/19,7960.04,1135
10/21/19,8231.06,1136
10/22/19,8222.52,1137
10/23/19,8026.76,1138
10/24/19,7469.56,1139
10/25/19,7431.88,1140
10/26/19,8666.79,1141
10/27/19,9259.8,1142
10/28/19,9551.54,1143
10/29/19,9218.76,1144
10/30/19,9433.35,1145
10/31/19,9164.62,1146
2011/1/19,9147.98,1147
2011/2/19,9252.99,1148
2011/3/19,9301.18,1149
2011/4/19,9206.16,1150
2011/5/19,9418.05,1151
2011/6/19,9310.19,1152
2011/7/19,9343.34,1153
2011/8/19,9204.24,1154
2011/9/19,8766.04,1155
2011/10/19,8809.41,1156
2011/11/19,9037.12,1157
2011/12/19,8717.81,1158
11/13/19,8801.52,1159
11/14/19,8762.42,1160
11/15/19,8632.32,1161
11/16/19,8457.69,1162
11/17/19,8482.7,1163
11/18/19,8503.93,1164
11/19/19,8175.99,1165
11/20/19,8120.8,1166
11/21/19,8081.81,1167
11/22/19,7617.07,1168
11/23/19,7286.35,1169
11/24/19,7324.03,1170
11/25/19,6907.4,1171
11/26/19,7130.25,1172
11/27/19,7163.63,1173
11/28/19,7523.83,1174
11/29/19,7431,1175
11/30/19,7757.47,1176
2012/1/19,7557.72,1177
2012/2/19,7402.69,1178
2012/3/19,7309.59,1179
2012/4/19,7296.77,1180
2012/5/19,7192.85,1181
2012/6/19,7395.97,1182
2012/7/19,7547.19,1183
2012/8/19,7504.83,1184
2012/9/19,7522.39,1185
2012/10/19,7337.42,1186
2012/11/19,7220.76,1187
2012/12/19,7202.31,1188
12/13/19,7189.16,1189
12/14/19,7251.87,1190
12/15/19,7067.74,1191
12/16/19,7111.14,1192
12/17/19,6879.54,1193
12/18/19,6612.12,1194
12/19/19,7284.29,1195
12/20/19,7150.86,1196
12/21/19,7190.17,1197
12/22/19,7143.2,1198
12/23/19,7514.41,1199
12/24/19,7322.08,1200
12/25/19,7250.69,1201
12/26/19,7192.72,1202
12/27/19,7194.4,1203
12/28/19,7243.93,1204
12/29/19,7301.07,1205
12/30/19,7385.36,1206
12/31/19,7219.6,1207
2001/1/20,7168.31,1208
2001/2/20,7175.68,1209
2001/3/20,6944.33,1210
2001/4/20,7326.35,1211
2001/5/20,7347.89,1212
2001/6/20,7351.57,1213
2001/7/20,7759.24,1214
2001/8/20,8165.47,1215
2001/9/20,8042.65,1216
2001/10/20,7817.92,1217
2001/11/20,8184.66,1218
2001/12/20,8021.49,1219
1/13/20,8173.97,1220
1/14/20,8105.24,1221
1/15/20,8842.42,1222
1/16/20,8813.89,1223
1/17/20,8722.03,1224
1/18/20,8900.34,1225
1/19/20,8910.85,1226
1/20/20,8703.36,1227
1/21/20,8626.47,1228
1/22/20,8722.26,1229
1/23/20,8658.94,1230
1/24/20,8388.11,1231
1/25/20,8428.17,1232
1/26/20,8327.36,1233
1/27/20,8588.42,1234
1/28/20,8895.78,1235
1/29/20,9385.69,1236
1/30/20,9279.81,1237
1/31/20,9502.37,1238
2002/1/20,9333.77,1239
2002/2/20,9378.09,1240
2002/3/20,9314.56,1241
2002/4/20,9162.14,1242
2002/5/20,9162.14,1243
2002/6/20,9614.9,1244
2002/7/20,9755.66,1245
2002/8/20,9807.54,1246
2002/9/20,9907.12,1247
2002/10/20,10162.41,1248
2002/11/20,9854.79,1249
2002/12/20,10275.38,1250
2/13/20,10354.3,1251
2/14/20,10242.43,1252
2/15/20,10368.53,1253
2/16/20,9904.17,1254
2/17/20,9937.67,1255
2/18/20,9703.93,1256
2/19/20,10180.65,1257
2/20/20,9604.72,1258
2/21/20,9606.86,1259
2/22/20,9696.58,1260
2/23/20,9669.63,1261
2/24/20,9989.39,1262
2/25/20,9663.75,1263
2/26/20,9309.15,1264
2/27/20,8785.52,1265
2/28/20,8804.72,1266
2/29/20,8712.35,1267
2003/1/20,8534.17,1268
2003/2/20,8912.82,1269
2003/3/20,8912.82,1270
2003/4/20,8754.34,1271
2003/5/20,8758.9,1272
2003/6/20,9067.39,1273
2003/7/20,9155.89,1274
2003/8/20,8898.63,1275
2003/9/20,8039.38,1276
2003/10/20,7931.94,1277
2003/11/20,7885.46,1278
2003/12/20,7936.65,1279
3/13/20,4830.21,1280
3/14/20,5609.03,1281
3/15/20,5166.26,1282
3/16/20,5348.44,1283
3/17/20,5026.35,1284
3/18/20,5357.61,1285
3/19/20,5410.23,1286
3/20/20,6195.2,1287
3/21/20,6226.44,1288
3/22/20,6189.85,1289
3/23/20,5822.62,1290
3/24/20,6502.16,1291
3/25/20,6768.49,1292
3/26/20,6698.46,1293
3/27/20,6763.75,1294
3/28/20,6369.09,1295
3/29/20,6260.95,1296
3/30/20,5885.41,1297
3/31/20,6405.29,1298
2004/1/20,6428.28,1299
2004/2/20,6652.87,1300
2004/3/20,6809.11,1301
2004/4/20,6741.67,1302
2004/5/20,6871.69,1303
2004/6/20,6777.44,1304
2004/7/20,7343.2,1305
2004/8/20,7205.55,1306
2004/9/20,7365.03,1307
2004/10/20,7293.69,1308
2004/11/20,6873.24,1309
2004/12/20,6891.6,1310
4/13/20,6915.37,1311
4/14/20,6857.66,1312
4/15/20,6871.95,1313
4/16/20,6623.8,1314
4/17/20,7112.27,1315
4/18/20,7034.89,1316
4/19/20,7259.36,1317
4/20/20,7130.04,1318
4/21/20,6840.24,1319
4/22/20,6852.52,1320
4/23/20,7130.99,1321
4/24/20,7477.6,1322
4/25/20,7507.08,1323
4/26/20,7549.52,1324
4/27/20,7699.27,1325
4/28/20,7790.66,1326
4/29/20,7765.33,1327
4/30/20,8777.63,1328
2005/1/20,8628.77,1329
2005/2/20,8824.66,1330
2005/3/20,8973.82,1331
2005/4/20,8903.95,1332
2005/5/20,8885.93,1333
2005/6/20,9030.96,1334
2005/7/20,9170.79,1335
2005/8/20,10002.48,1336
2005/9/20,9821.8,1337
2005/10/20,9527.39,1338
2005/11/20,8754.46,1339
2005/12/20,8617.25,1340
5/13/20,8814.53,1341
5/14/20,9305.93,1342
5/15/20,9790.31,1343
5/16/20,9303.59,1344
5/17/20,9385.7,1345
5/18/20,9669.4,1346
5/19/20,9719.37,1347
5/20/20,9785.74,1348
5/21/20,9510.67,1349
5/22/20,9057.57,1350
5/23/20,9167.26,1351
5/24/20,9178.32,1352
5/25/20,8730.73,1353
5/26/20,8899.66,1354
5/27/20,8842.85,1355
5/28/20,9197.54,1356
5/29/20,9569.21,1357
5/30/20,9425.98,1358
5/31/20,9698.1,1359
2006/1/20,9450.84,1360
2006/2/20,10204.23,1361
2006/3/20,9525.57,1362
2006/4/20,9658.04,1363
2006/5/20,9794.56,1364
2006/6/20,9623.75,1365
2006/7/20,9670.43,1366
2006/8/20,9753.85,1367
2006/9/20,9782.59,1368
2006/10/20,9775.15,1369
2006/11/20,9892.13,1370
2006/12/20,9286.42,1371
6/13/20,9459.97,1372
6/14/20,9473.5,1373
6/15/20,9330.07,1374
6/16/20,9426.7,1375
6/17/20,9526,1376
6/18/20,9454.81,1377
6/19/20,9380.03,1378
6/20/20,9300.15,1379
6/21/20,9357.43,1380
6/22/20,9284.78,1381
6/23/20,9691.9,1382
6/24/20,9621.49,1383
6/25/20,9276.58,1384
6/26/20,9240.85,1385
6/27/20,9154.45,1386
6/28/20,9004.23,1387
6/29/20,9127.47,1388
6/30/20,9185.35,1389
2007/1/20,9133.97,1390
2007/2/20,9236.38,1391
2007/3/20,9087.98,1392
2007/4/20,9072.42,1393
2007/5/20,9131.31,1394
2007/6/20,9089.09,1395
2007/7/20,9348.91,1396
2007/8/20,9256.23,1397
2007/9/20,9440.07,1398
2007/10/20,9238.04,1399
2007/11/20,9287.4,1400
2007/12/20,9235.96,1401
7/13/20,9295.9,1402
7/14/20,9238.13,1403
7/15/20,9254.52,1404
7/16/20,9193.51,1405
7/17/20,9131,1406
7/18/20,9154.19,1407
7/19/20,9174.71,1408
7/20/20,9214.66,1409
7/21/20,9163.87,1410
7/22/20,9392.66,1411
7/23/20,9537.4,1412
7/24/20,9613.11,1413
7/25/20,9551.28,1414
7/26/20,9707.5,1415
7/27/20,9938.83,1416
7/28/20,11042.4,1417
7/29/20,10934.94,1418
7/30/20,11102.67,1419
7/31/20,11114.93,1420
2008/1/20,11343.88,1421
2008/2/20,11823.69,1422
2008/3/20,11077.77,1423
2008/4/20,11242.57,1424
2008/5/20,11194.25,1425
2008/6/20,11750.28,1426
2008/7/20,11772.94,1427
2008/8/20,11605.6,1428
2008/9/20,11767.6,1429
2008/10/20,11684.06,1430
2008/11/20,11893.03,1431
2008/12/20,11392.43,1432
8/13/20,11573.11,1433
8/14/20,11777.43,1434
8/15/20,11774.38,1435
8/16/20,11873.98,1436
8/17/20,11914.01,1437
8/18/20,12293.72,1438
8/19/20,11969.53,1439
8/20/20,11734,1440
8/21/20,11865.82,1441
8/22/20,11522.8,1442
8/23/20,11683.44,1443
8/24/20,11653.02,1444
8/25/20,11763.93,1445
8/26/20,11337.4,1446
8/27/20,11467.37,1447
8/28/20,11302.01,1448
8/29/20,11534.75,1449
8/30/20,11481.64,1450
8/31/20,11707.78,1451
2009/1/20,11659.57,1452
2009/2/20,11923.25,1453
2009/3/20,11397.44,1454
2009/4/20,10187.51,1455
2009/5/20,10467.89,1456
2009/6/20,10159.62,1457
2009/7/20,10254.93,1458
2009/8/20,10367.74,1459
2009/9/20,10121.52,1460
2009/10/20,10227.83,1461
2009/11/20,10352.66,1462
2009/12/20,10395.44,1463
9/13/20,10446.44,1464
9/14/20,10330.77,1465
9/15/20,10674.64,1466
9/16/20,10785.62,1467
9/17/20,10948.43,1468
9/18/20,10943.89,1469
9/19/20,10931.79,1470
9/20/20,11081.43,1471
9/21/20,10919.65,1472
9/22/20,10430.46,1473
9/23/20,10532.22,1474
9/24/20,10234.48,1475
9/25/20,10732.43,1476
9/26/20,10692.84,1477
9/27/20,10732.4,1478
9/28/20,10774.24,1479
9/29/20,10692.33,1480
9/30/20,10840.8,1481
2010/1/20,10777.92,1482
2010/2/20,10619.24,1483
2010/3/20,10575.06,1484
2010/4/20,10551.77,1485
2010/5/20,10673.46,1486
2010/6/20,10788.56,1487
2010/7/20,10603.74,1488
2010/8/20,10670.8,1489
2010/9/20,10923.3,1490
2010/10/20,11063.19,1491
2010/11/20,11302.67,1492
2010/12/20,11376.61,1493
10/13/20,11540.04,1494
10/14/20,11428.24,1495
10/15/20,11431.32,1496
10/16/20,11503.73,1497
10/17/20,11327.57,1498
10/18/20,11366.51,1499
10/19/20,11508.2,1500
10/20/20,11758.16,1501
10/21/20,11925.46,1502
10/22/20,12831.56,1503
10/23/20,12990.25,1504
10/24/20,12944.52,1505
10/25/20,13128.46,1506
10/26/20,13036.77,1507
10/27/20,13076.37,1508
10/28/20,13651.47,1509
10/29/20,13289,1510
10/30/20,13458.66,1511
10/31/20,13564.72,1512
2011/1/20,13810.32,1513
2011/2/20,13758.88,1514
2011/3/20,13575.17,1515
2011/4/20,14023.31,1516
2011/5/20,14155.59,1517
2011/6/20,15591.39,1518
2011/7/20,15595.77,1519
2011/8/20,14839.84,1520
2011/9/20,15490.6,1521
2011/10/20,15328.53,1522
2011/11/20,15317.04,1523
2011/12/20,15708.65,1524
11/13/20,16295.57,1525
11/14/20,16339.33,1526
11/15/20,16091.07,1527
11/16/20,15968.16,1528
11/17/20,16725.15,1529
11/18/20,17679.72,1530
11/19/20,17798.45,1531
11/20/20,17820.57,1532
11/21/20,18687.45,1533
11/22/20,18699.75,1534
11/23/20,18422.28,1535
11/24/20,18398.91,1536
11/25/20,19172.52,1537
11/26/20,18739.8,1538
11/27/20,17151.44,1539
11/28/20,17138.87,1540
11/29/20,17732.42,1541
11/30/20,18191.6,1542
2012/1/20,19709.73,1543
2012/2/20,18792.52,1544
2012/3/20,19226.97,1545
2012/4/20,19454.54,1546
2012/5/20,18670.49,1547
2012/6/20,19155.06,1548
2012/7/20,19377.66,1549
2012/8/20,19181.41,1550
2012/9/20,18318.87,1551
2012/10/20,18554.15,1552
2012/11/20,18247.76,1553
2012/12/20,18029.36,1554
12/13/20,18803.44,1555
12/14/20,19164.48,1556
12/15/20,19276.59,1557
12/16/20,19439.75,1558
12/17/20,21379.48,1559
12/18/20,22847.46,1560
12/19/20,23150.79,1561
12/20/20,23869.92,1562
12/21/20,23490.58,1563
12/22/20,22745.48,1564
12/23/20,23824.99,1565
12/24/20,23253.37,1566
12/25/20,23715.53,1567
12/26/20,24693.58,1568
12/27/20,26443.21,1569
12/28/20,26246.58,1570
12/29/20,27036.69,1571
12/30/20,27376.37,1572
12/31/20,28856.59,1573
2001/1/21,28982.56,1574
2001/2/21,29393.75,1575
2001/3/21,32195.46,1576
2001/4/21,33000.78,1577
2001/5/21,32035.03,1578
2001/6/21,34046.67,1579
2001/7/21,36860.41,1580
2001/8/21,39486.04,1581
2001/9/21,40670.25,1582
2001/10/21,40240.72,1583
2001/11/21,38240.09,1584
2001/12/21,35544.94,1585
1/13/21,34011.82,1586
1/14/21,37393.13,1587
1/15/21,39158.47,1588
1/16/21,36828.52,1589
1/17/21,36065.2,1590
1/18/21,35793.01,1591
1/19/21,36632.35,1592
1/20/21,36020.13,1593
1/21/21,35538.98,1594
1/22/21,30797.88,1595
1/23/21,33002.38,1596
1/24/21,32099.74,1597
1/25/21,32276.84,1598
1/26/21,32243.26,1599
1/27/21,32541.8,1600
1/28/21,30419.17,1601
1/29/21,33403.17,1602
1/30/21,34314.26,1603
1/31/21,34318.1,1604
2002/1/21,33136.46,1605
2002/2/21,33522.9,1606
2002/3/21,35529.66,1607
2002/4/21,37676.25,1608
2002/5/21,37002.09,1609
2002/6/21,38278.61,1610
2002/7/21,39323.26,1611
2002/8/21,38928.1,1612
2002/9/21,46364.3,1613
2002/10/21,46589.58,1614
2002/11/21,44878.17,1615
2002/12/21,48013.38,1616
2/13/21,47471.4,1617
2/14/21,47185.19,1618
2/15/21,48720.37,1619
2/16/21,47951.85,1620
2/17/21,49160.1,1621
2/18/21,52118.23,1622
2/19/21,51608.15,1623
2/20/21,55916.5,1624
2/21/21,56001.2,1625
2/22/21,57487.86,1626
2/23/21,54123.4,1627
2/24/21,48880.43,1628
2/25/21,50624.84,1629
2/26/21,46800.42,1630
2/27/21,46340.31,1631
2/28/21,46155.87,1632
2003/1/21,45113.92,1633
2003/2/21,49618.43,1634
2003/3/21,48356.04,1635
2003/4/21,50477.7,1636
2003/5/21,48448.91,1637
2003/6/21,48861.38,1638
2003/7/21,48881.59,1639
2003/8/21,51169.7,1640
2003/9/21,52299.33,1641
2003/10/21,54881.52,1642
2003/11/21,55997.23,1643
2003/12/21,57764,1644
3/13/21,57253.28,1645
3/14/21,61258.73,1646
3/15/21,59133.47,1647
3/16/21,55754.72,1648
3/17/21,56872.38,1649
3/18/21,58913,1650
3/19/21,57665.9,1651
3/20/21,58075.1,1652
3/21/21,58085.8,1653
3/22/21,57411.17,1654
3/23/21,54204.96,1655
3/24/21,54477.46,1656
3/25/21,52508.23,1657
3/26/21,51415.92,1658
3/27/21,55074.47,1659
3/28/21,55863.93,1660
3/29/21,55783.71,1661
3/30/21,57627.67,1662
3/31/21,58730.13,1663
2004/1/21,58735.25,1664
2004/2/21,58736.92,1665
2004/3/21,59031.32,1666
2004/4/21,57076.49,1667
2004/5/21,58206.55,1668
2004/6/21,59054.1,1669
2004/7/21,58020.46,1670
2004/8/21,55947.27,1671
2004/9/21,58048.59,1672
2004/10/21,58102.58,1673
2004/11/21,59774,1674
2004/12/21,59964.87,1675
4/13/21,59834.74,1676
4/14/21,63554.44,1677
4/15/21,62969.12,1678
4/16/21,63252.63,1679
4/17/21,61455.98,1680
4/18/21,60087.09,1681
4/19/21,56251.48,1682
4/20/21,55703.14,1683
4/21/21,56507.91,1684
4/22/21,53808.8,1685
4/23/21,51731.71,1686
4/24/21,51153.13,1687
4/25/21,50110.53,1688
4/26/21,49075.58,1689
4/27/21,54056.64,1690
4/28/21,55071.46,1691
4/29/21,54884.1,1692
4/30/21,53584.15,1693
2005/1/21,57796.62,1694
2005/2/21,57857.5,1695
2005/3/21,56610.46,1696
2005/4/21,57213.33,1697
2005/5/21,53241.72,1698
2005/6/21,57473.23,1699
2005/7/21,56428.16,1700
2005/8/21,57380.27,1701
2005/9/21,58928.81,1702
2005/10/21,58280.73,1703
2005/11/21,55883.5,1704
2005/12/21,56750,1705
5/13/21,49007.09,1706
5/14/21,49702.27,1707
5/15/21,49922.52,1708
5/16/21,46736.58,1709
5/17/21,46441.64,1710
5/18/21,43596.24,1711
5/19/21,42912.19,1712
5/20/21,36964.27,1713
5/21/21,40784.32,1714
5/22/21,37280.35,1715
5/23/21,37528.3,1716
5/24/21,34754.54,1717
5/25/21,38728.59,1718
5/26/21,38410.5,1719
5/27/21,39266.04,1720
5/28/21,38445.29,1721
5/29/21,35689.62,1722
5/30/21,34647.67,1723
5/31/21,35684.59,1724
2006/1/21,37310.54,1725
2006/2/21,36662.64,1726
2006/3/21,37585.24,1727
2006/4/21,39188.59,1728
2006/5/21,36885.51,1729
2006/6/21,35530.38,1730
2006/7/21,35816.17,1731
2006/8/21,33514.87,1732
2006/9/21,33450.19,1733
2006/10/21,37338.36,1734
2006/11/21,36704.57,1735
2006/12/21,37313.18,1736
6/13/21,35494.9,1737
6/14/21,39066.82,1738
6/15/21,40525.8,1739
6/16/21,40188.56,1740
6/17/21,38324.87,1741
6/18/21,38068.04,1742
6/19/21,35729.82,1743
6/20/21,35524.17,1744
6/21/21,35592.35,1745
6/22/21,31686.55,1746
6/23/21,32447.59,1747
6/24/21,33674.66,1748
6/25/21,34639.38,1749
6/26/21,31640.58,1750
6/27/21,32160.91,1751
6/28/21,34644.45,1752
6/29/21,34456.67,1753
6/30/21,35847.7,1754
2007/1/21,35047.36,1755
2007/2/21,33536.88,1756
2007/3/21,33856.86,1757
2007/4/21,34688.98,1758
2007/5/21,35309.3,1759
2007/6/21,33747.97,1760
2007/7/21,34211.01,1761
2007/8/21,33839.04,1762
2007/9/21,32877.41,1763
2007/10/21,33818.52,1764
2007/11/21,33515.57,1765
2007/12/21,34227.64,1766
7/13/21,33158.25,1767
7/14/21,32686.56,1768
7/15/21,32814.61,1769
7/16/21,31738.59,1770
7/17/21,31421.25,1771
7/18/21,31520.66,1772
7/19/21,31783.49,1773
7/20/21,30815.94,1774
7/21/21,29790.24,1775
7/22/21,32118.06,1776
7/23/21,32297.89,1777
7/24/21,33581.63,1778
7/25/21,34279.34,1779
7/26/21,35365.2,1780
7/27/21,37318.14,1781
7/28/21,39405.95,1782
7/29/21,40002.53,1783
7/30/21,40005.93,1784
7/31/21,42214.15,1785
2008/1/21,41659.06,1786
2008/2/21,40000.46,1787
2008/3/21,39193.94,1788
2008/4/21,38138,1789
2008/5/21,39750.14,1790
2008/6/21,40882,1791
2008/7/21,42825.95,1792
2008/8/21,44634.13,1793
2008/9/21,43816.14,1794
2008/10/21,46333.46,1795
2008/11/21,45608.37,1796
2008/12/21,45611.46,1797
8/13/21,44417.78,1798
8/14/21,47833.98,1799
8/15/21,47112.19,1800
8/16/21,47056.41,1801
8/17/21,45982.55,1802
8/18/21,44648.57,1803
8/19/21,44777.86,1804
8/20/21,46734.65,1805
8/21/21,49327.75,1806
8/22/21,48932.02,1807
8/23/21,49335.68,1808
8/24/21,49523.5,1809
8/25/21,47744.58,1810
8/26/21,48972.09,1811
8/27/21,46962.8,1812
8/28/21,49056.86,1813
8/29/21,48897.65,1814
8/30/21,48806.78,1815
8/31/21,47074.77,1816
2009/1/21,47155.87,1817
2009/2/21,48862.76,1818
2009/3/21,49329.01,1819
2009/4/21,50035.33,1820
2009/5/21,49947.38,1821
2009/6/21,51769.06,1822
2009/7/21,52677.4,1823
2009/8/21,46809.17,1824
2009/9/21,46078.38,1825
2009/10/21,46368.69,1826
