Date,USD (PM),Date
2009/12/16,1324.6,1
9/13/16,1323.65,1
9/13/17,1321.75,2
9/15/16,1310.8,3
9/16/16,1308.35,4
9/19/16,1314.85,5
9/20/16,1313.8,6
9/21/16,1326.1,7
9/22/16,1339.1,8
9/23/16,1338.65,9
9/26/16,1340.5,10
9/27/16,1327,11
9/28/16,1322.5,12
9/29/16,1318.1,13
9/30/16,1322.5,14
2010/3/16,1313.3,15
2010/4/16,1283.3,16
2010/5/16,1269.4,17
2010/6/16,1254.5,18
2010/7/16,1258.75,19
2010/10/16,1259.5,20
2010/11/16,1253.45,21
2010/12/16,1256.5,22
10/13/16,1261.05,23
10/14/16,1251.75,24
10/17/16,1254.8,25
10/18/16,1258.2,26
10/19/16,1269.05,27
10/20/16,1271.65,28
10/21/16,1266.05,29
10/24/16,1265.55,30
10/25/16,1269.4,31
10/26/16,1270.5,32
10/27/16,1266.25,33
10/28/16,1273,34
10/31/16,1272,35
2011/1/16,1288.45,36
2011/2/16,1303.75,37
2011/3/16,1301,38
2011/4/16,1302.8,39
2011/7/16,1283.05,40
2011/8/16,1282.35,41
2011/9/16,1281.4,42
2011/10/16,1267.5,43
2011/11/16,1236.45,44
11/14/16,1213.6,45
11/15/16,1226.95,46
11/16/16,1229.2,47
11/17/16,1226.75,48
11/18/16,1211,49
11/21/16,1214.25,50
11/22/16,1212.25,51
11/23/16,1185.35,52
11/24/16,1186.1,53
11/25/16,1187.7,54
11/28/16,1187,55
11/29/16,1186.55,56
11/30/16,1178.1,57
2012/1/16,1161.85,58
2012/2/16,1173.5,59
2012/5/16,1162.2,60
2012/6/16,1172.5,61
2012/7/16,1177.65,62
2012/8/16,1171.05,63
2012/9/16,1163.6,64
2012/12/16,1156.1,65
12/13/16,1158.55,66
12/14/16,1162.25,67
12/15/16,1126.95,68
12/16/16,1131.6,69
12/19/16,1136.25,70
12/20/16,1125.7,71
12/21/16,1133.65,72
12/22/16,1131.35,73
12/23/16,,74
12/28/16,1134.6,75
12/29/16,1145.9,76
12/30/16,,77
2001/3/17,1151,78
2001/4/17,1164.25,79
2001/5/17,1176.7,80
2001/6/17,1175.85,81
2001/9/17,1178.5,82
2001/10/17,1189.5,83
2001/11/17,1178.55,84
2001/12/17,1205.05,85
1/13/17,1190.35,86
1/16/17,1203,87
1/17/17,1216.05,88
1/18/17,1214.75,89
1/19/17,1196.05,90
1/20/17,1200.55,91
1/23/17,1212.85,92
1/24/17,1216.8,93
1/25/17,1195,94
1/26/17,1189.7,95
1/27/17,1184.85,96
1/30/17,1192.8,97
1/31/17,1212.8,98
2002/1/17,1203.65,99
2002/2/17,1221.95,100
2002/3/17,1215.2,101
2002/6/17,1226.75,102
2002/7/17,1231,103
2002/8/17,1242.1,104
2002/9/17,1236.8,105
2002/10/17,1228.3,106
2/13/17,1222.25,107
2/14/17,1230.75,108
2/15/17,1224.4,109
2/16/17,1240.55,110
2/17/17,1241.95,111
2/20/17,1237.3,112
2/21/17,1233.2,113
2/22/17,1236.65,114
2/23/17,1247.9,115
2/24/17,1253.65,116
2/27/17,1257.2,117
2/28/17,1255.6,118
2003/1/17,1240.4,119
2003/2/17,1238.1,120
2003/3/17,1226.5,121
2003/6/17,1230.95,122
2003/7/17,1216.65,123
2003/8/17,1209.2,124
2003/9/17,1206.55,125
2003/10/17,1202.65,126
3/13/17,1204.2,127
3/14/17,1204.6,128
3/15/17,1198.8,129
3/16/17,1229.35,130
3/17/17,1229.6,131
3/20/17,1232.4,132
3/21/17,1241.6,133
3/22/17,1249.05,134
3/23/17,1247.5,135
3/24/17,1247.5,136
3/27/17,1257.55,137
3/28/17,1257.25,138
3/29/17,1251.1,139
3/30/17,1248.8,140
3/31/17,1244.85,141
2004/3/17,1247.25,142
2004/4/17,1257.65,143
2004/5/17,1245.8,144
2004/6/17,1252.5,145
2004/7/17,1266.45,146
2004/10/17,1250.05,147
2004/11/17,1252.9,148
2004/12/17,1274.3,149
4/13/17,1284.15,150
4/18/17,1278.95,151
4/19/17,1279.05,152
4/20/17,1282.1,153
4/21/17,1281.85,154
4/24/17,1269.4,155
4/25/17,1267.8,156
4/26/17,1261.85,157
4/27/17,1262.8,158
4/28/17,1266.45,159
2005/2/17,1255.45,160
2005/3/17,1250.3,161
2005/4/17,1228.45,162
2005/5/17,1228.05,163
2005/8/17,1229.8,164
2005/9/17,1220.4,165
2005/10/17,1222.95,166
2005/11/17,1223.15,167
2005/12/17,1231.25,168
5/15/17,1233.3,169
5/16/17,1234.2,170
5/17/17,1257.4,171
5/18/17,1255.9,172
5/19/17,1252,173
5/22/17,1258.85,174
5/23/17,1260.2,175
5/24/17,1252.55,176
5/25/17,1256.95,177
5/26/17,1265.05,178
5/30/17,1262.7,179
5/31/17,1266.2,180
2006/1/17,1264.85,181
2006/2/17,1274.95,182
2006/5/17,1279.95,183
2006/6/17,1293.5,184
2006/7/17,1291,185
2006/8/17,1273.1,186
2006/9/17,1266.55,187
2006/12/17,1266.4,188
6/13/17,1262,189
6/14/17,1275.5,190
6/15/17,1254.55,191
6/16/17,1255.4,192
6/19/17,1248.15,193
6/20/17,1242.2,194
6/21/17,1242.5,195
6/22/17,1250.8,196
6/23/17,1255.7,197
6/26/17,1245.25,198
6/27/17,1249.55,199
6/28/17,1248,200
6/29/17,1243.5,201
6/30/17,1242.25,202
2007/3/17,1229.25,203
2007/4/17,1223.75,204
2007/5/17,1220.3,205
2007/6/17,1224.9,206
2007/7/17,1215.65,207
2007/10/17,1211.9,208
2007/11/17,1211.05,209
2007/12/17,1218.8,210
7/13/17,1218.9,211
7/14/17,1230.3,212
7/17/17,1234.1,213
7/18/17,1240.75,214
7/19/17,1242.15,215
7/20/17,1238.7,216
7/21/17,1248.55,217
7/24/17,1255.55,218
7/25/17,1254.4,219
7/26/17,1248.1,220
7/27/17,1261.1,221
7/28/17,1264.9,222
7/31/17,1267.55,223
2008/1/17,1270.95,224
2008/2/17,1269.6,225
2008/3/17,1268.1,226
2008/4/17,1257.7,227
2008/7/17,1258,228
2008/8/17,1261.8,229
2008/9/17,1271.05,230
2008/10/17,1284.4,231
2008/11/17,1286.1,232
8/14/17,1282.3,233
8/15/17,1270.3,234
8/16/17,1272.75,235
8/17/17,1285.15,236
8/18/17,1295.8,237
8/21/17,1292.9,238
8/22/17,1284.2,239
8/23/17,1286.65,240
8/24/17,1289,241
8/25/17,1285.3,242
8/29/17,1318.65,243
8/30/17,1308.5,244
8/31/17,1311.75,245
2009/1/17,1320.4,246
2009/4/17,1333.1,247
2009/5/17,1335.55,248
2009/6/17,1337.85,249
2009/7/17,1343.5,250
2009/8/17,1346.25,251
2009/11/17,1334.2,252
2009/12/17,1326.5,253
9/13/17,1327.55,254
9/14/17,1324.55,255
9/15/17,1322.85,256
9/18/17,1312.1,257
9/19/17,1309.6,258
9/20/17,1311.3,259
9/21/17,1292.1,260
9/22/17,1294.8,261
9/25/17,1293.3,262
9/26/17,1300.05,263
9/27/17,1282.55,264
9/28/17,1283.35,265
9/29/17,1283.1,266
2010/2/17,1273.7,267
2010/3/17,1271.25,268
2010/4/17,1274.25,269
2010/5/17,1274.5,270
2010/6/17,1261.8,271
2010/9/17,1278.75,272
2010/10/17,1291.4,273
2010/11/17,1289.25,274
2010/12/17,1290.25,275
10/13/17,1299.6,276
10/16/17,1303.3,277
10/17/17,1284.75,278
10/18/17,1280.2,279
10/19/17,1286.4,280
10/20/17,1281.2,281
10/23/17,1274.9,282
10/24/17,1276.45,283
10/25/17,1275,284
10/26/17,1273.75,285
10/27/17,1266.45,286
10/30/17,1272,287
10/31/17,1270.15,288
2011/1/17,1277.05,289
2011/2/17,1279.2,290
2011/3/17,1267.2,291
2011/6/17,1270.9,292
2011/7/17,1275.6,293
2011/8/17,1284,294
2011/9/17,1284.8,295
2011/10/17,1284.3,296
11/13/17,1277.95,297
11/14/17,1274.6,298
11/15/17,1282.2,299
11/16/17,1280,300
11/17/17,1284.35,301
11/20/17,1286.2,302
11/21/17,1283.3,303
11/22/17,1286.95,304
11/23/17,1290.35,305
11/24/17,1290.5,306
11/27/17,1294.9,307
11/28/17,1291.85,308
11/29/17,1283.85,309
11/30/17,1280.2,310
2012/1/17,1275.5,311
2012/4/17,1273.45,312
2012/5/17,1266.3,313
2012/6/17,1263.7,314
2012/7/17,1255,315
2012/8/17,1250.65,316
2012/11/17,1247.15,317
2012/12/17,1240.9,318
12/13/17,1242.65,319
12/14/17,1251,320
12/15/17,1254.6,321
12/18/17,1260.6,322
12/19/17,1260.35,323
12/20/17,1264.55,324
12/21/17,1264.55,325
12/22/17,,326
12/27/17,1279.4,327
12/28/17,1291,328
12/29/17,,329
2001/2/18,1312.05,330
2001/3/18,1314.9,331
2001/4/18,1314.5,332
2001/5/18,1317.15,333
2001/8/18,1319.95,334
2001/9/18,1311,335
2001/10/18,1319.75,336
2001/11/18,1323.05,337
2001/12/18,1326.8,338
1/15/18,1339.25,339
1/16/18,1333.85,340
1/17/18,1335.65,341
1/18/18,1332.2,342
1/19/18,1334.95,343
1/22/18,1332.6,344
1/23/18,1333.4,345
1/24/18,1353.7,346
1/25/18,1354.95,347
1/26/18,1353.15,348
1/29/18,1343.85,349
1/30/18,1344.9,350
1/31/18,1345.05,351
2002/1/18,1341.35,352
2002/2/18,1331.15,353
2002/5/18,1333.6,354
2002/6/18,1331.4,355
2002/7/18,1324.65,356
2002/8/18,1315.45,357
2002/9/18,1314.1,358
2002/12/18,1322.3,359
2/13/18,1325.35,360
2/14/18,1336.25,361
2/15/18,1352.45,362
2/16/18,1352.1,363
2/19/18,1346.6,364
2/20/18,1339.85,365
2/21/18,1330.5,366
2/22/18,1328.35,367
2/23/18,1327.95,368
2/26/18,1333.5,369
2/27/18,1325.75,370
2/28/18,1317.85,371
2003/1/18,1307.75,372
2003/2/18,1322.3,373
2003/5/18,1320.4,374
2003/6/18,1331.4,375
2003/7/18,1329.4,376
2003/8/18,1321,377
2003/9/18,1320.6,378
2003/12/18,1319.15,379
3/13/18,1322.75,380
3/14/18,1323.55,381
3/15/18,1318.75,382
3/16/18,1310.1,383
3/19/18,1312.4,384
3/20/18,1311,385
3/21/18,1321.35,386
3/22/18,1329.15,387
3/23/18,1346.6,388
3/26/18,1352.4,389
3/27/18,1341.45,390
3/28/18,1332.45,391
3/29/18,1323.85,392
2004/3/18,1333.45,393
2004/4/18,1337.3,394
2004/5/18,1327.7,395
2004/6/18,1331.2,396
2004/9/18,1331.95,397
2004/10/18,1338.95,398
2004/11/18,1350.75,399
2004/12/18,1341.35,400
4/13/18,1343.7,401
4/16/18,1349.35,402
4/17/18,1342.1,403
4/18/18,1351.45,404
4/19/18,1348.6,405
4/20/18,1336.75,406
4/23/18,1324.3,407
4/24/18,1328.85,408
4/25/18,1321.65,409
4/26/18,1320.7,410
4/27/18,1321.5,411
4/30/18,1313.2,412
2005/1/18,1307.1,413
2005/2/18,1304.2,414
2005/3/18,1315.05,415
2005/4/18,1309.4,416
2005/8/18,1306.6,417
2005/9/18,1313.85,418
2005/10/18,1318.8,419
2005/11/18,1324.35,420
5/14/18,1319.85,421
5/15/18,1295,422
5/16/18,1291.25,423
5/17/18,1289.5,424
5/18/18,1288.3,425
5/21/18,1288.35,426
5/22/18,1293.05,427
5/23/18,1289,428
5/24/18,1304.85,429
5/25/18,1303.5,430
5/29/18,1295.5,431
5/30/18,1300.7,432
5/31/18,1305.35,433
2006/1/18,1294.6,434
2006/4/18,1295.45,435
2006/5/18,1292.05,436
2006/6/18,1300.1,437
2006/7/18,1297.25,438
2006/8/18,1298.25,439
2006/11/18,1299.6,440
2006/12/18,1298.65,441
6/13/18,1296.15,442
6/14/18,1302.75,443
6/15/18,1285.25,444
6/18/18,1281.55,445
6/19/18,1276.15,446
6/20/18,1274.2,447
6/21/18,1266.15,448
6/22/18,1269.15,449
6/25/18,1268.7,450
6/26/18,1260.3,451
6/27/18,1254.6,452
6/28/18,1251.55,453
6/29/18,1250.45,454
2007/2/18,1247.8,455
2007/3/18,1251.75,456
2007/4/18,1255.65,457
2007/5/18,1255.5,458
2007/6/18,1255.35,459
2007/9/18,1262.05,460
2007/10/18,1254,461
2007/11/18,1251.4,462
2007/12/18,1245.9,463
7/13/18,1241.7,464
7/16/18,1241.1,465
7/17/18,1232.8,466
7/18/18,1224.5,467
7/19/18,1217.55,468
7/20/18,1228.75,469
7/23/18,1224.95,470
7/24/18,1228.35,471
7/25/18,1231.5,472
7/26/18,1228.25,473
7/27/18,1223.95,474
7/30/18,1223.8,475
7/31/18,1220.95,476
2008/1/18,1219,477
2008/2/18,1215.45,478
2008/3/18,1216.3,479
2008/6/18,1209.65,480
2008/7/18,1212.35,481
2008/8/18,1209.55,482
2008/9/18,1214.35,483
2008/10/18,1214.4,484
8/13/18,1200.35,485
8/14/18,1197,486
8/15/18,1182,487
8/16/18,1180.4,488
8/17/18,1178.4,489
8/20/18,1184.35,490
8/21/18,1190.95,491
8/22/18,1196.65,492
8/23/18,1192.35,493
8/24/18,1197.7,494
8/28/18,1212.25,495
8/29/18,1204.2,496
8/30/18,1197.3,497
8/31/18,1202.45,498
2009/3/18,1200.05,499
2009/4/18,1190.85,500
2009/5/18,1196.7,501
2009/6/18,1205.15,502
2009/7/18,1198.9,503
2009/10/18,1196.6,504
2009/11/18,1189.85,505
2009/12/18,1195.6,506
9/13/18,1209.8,507
9/14/18,1201.95,508
9/17/18,1201.9,509
9/18/18,1200.2,510
9/19/18,1203.3,511
9/20/18,1208.35,512
9/21/18,1198.7,513
9/24/18,1202.75,514
9/25/18,1201.9,515
9/26/18,1194.25,516
9/27/18,1185.4,517
9/28/18,1187.25,518
2010/1/18,1189.35,519
2010/2/18,1204.7,520
2010/3/18,1201.2,521
2010/4/18,1203.45,522
2010/5/18,1203.8,523
2010/8/18,1186.95,524
2010/9/18,1185.55,525
2010/10/18,1188.6,526
2010/11/18,1205.55,527
2010/12/18,1219.75,528
10/15/18,1229.95,529
10/16/18,1230.7,530
10/17/18,1229.05,531
10/18/18,1223,532
10/19/18,1227.85,533
10/22/18,1222.3,534
10/23/18,1235.95,535
10/24/18,1230.55,536
10/25/18,1230.8,537
10/26/18,1233.85,538
10/29/18,1230.8,539
10/30/18,1225.4,540
10/31/18,1214.95,541
2011/1/18,1231.15,542
2011/2/18,1232.1,543
2011/5/18,1232.25,544
2011/6/18,1231.6,545
2011/7/18,1229.95,546
2011/8/18,1224.15,547
2011/9/18,1211.4,548
2011/12/18,1205.55,549
11/13/18,1202.1,550
11/14/18,1203.25,551
11/15/18,1211.85,552
11/16/18,1222.4,553
11/19/18,1221.6,554
11/20/18,1223,555
11/21/18,1226.1,556
11/22/18,1227.05,557
11/23/18,1223.65,558
11/26/18,1223.4,559
11/27/18,1221.2,560
11/28/18,1213.25,561
11/29/18,1226.25,562
11/30/18,1217.55,563
2012/3/18,1230.3,564
2012/4/18,1240.3,565
2012/5/18,1235.9,566
2012/6/18,1242.55,567
2012/7/18,1243.3,568
2012/10/18,1245.35,569
2012/11/18,1245.3,570
2012/12/18,1245.75,571
12/13/18,1242.75,572
12/14/18,1235.35,573
12/17/18,1241.65,574
12/18/18,1246.3,575
12/19/18,1255,576
12/20/18,1259.75,577
12/21/18,1258.15,578
12/24/18,,579
12/27/18,1268,580
12/28/18,1279,581
12/31/18,,582
2001/2/19,1282.9,583
2001/3/19,1290.45,584
2001/4/19,1279.9,585
2001/7/19,1292.2,586
2001/8/19,1286.45,587
2001/9/19,1288.6,588
2001/10/19,1291.9,589
2001/11/19,1288.95,590
1/14/19,1292.75,591
1/15/19,1294.4,592
1/16/19,1292.3,593
1/17/19,1290.7,594
1/18/19,1284.2,595
1/21/19,1279.55,596
1/22/19,1282.1,597
1/23/19,1279.8,598
1/24/19,1283.7,599
1/25/19,1293.9,600
1/28/19,1302.15,601
1/29/19,1307.55,602
1/30/19,1310.7,603
1/31/19,1323.25,604
2002/1/19,1318.7,605
2002/4/19,1312.15,606
2002/5/19,1314.2,607
2002/6/19,1312.4,608
2002/7/19,1310,609
2002/8/19,1314.85,610
2002/11/19,1306.4,611
2002/12/19,1310,612
2/13/19,1312.8,613
2/14/19,1311.45,614
2/15/19,1316.55,615
2/18/19,1325.5,616
2/19/19,1334.15,617
2/20/19,1343.75,618
2/21/19,1331.25,619
2/22/19,1329.05,620
2/25/19,1331.05,621
2/26/19,1325.05,622
2/27/19,1322.85,623
2/28/19,1319.15,624
2003/1/19,1311.95,625
2003/4/19,1285.4,626
2003/5/19,1283.8,627
2003/6/19,1285.85,628
2003/7/19,1285.3,629
2003/8/19,1296.75,630
2003/11/19,1292.75,631
2003/12/19,1297.05,632
3/13/19,1306.95,633
3/14/19,1295.55,634
3/15/19,1303.5,635
3/18/19,1305.6,636
3/19/19,1307.7,637
3/20/19,1303.7,638
3/21/19,1309.6,639
3/22/19,1311.3,640
3/25/19,1319.55,641
3/26/19,1316.3,642
3/27/19,1309.7,643
3/28/19,1295.15,644
3/29/19,1295.4,645
2004/1/19,1293.5,646
2004/2/19,1290.3,647
2004/3/19,1290.45,648
2004/4/19,1283.15,649
2004/5/19,1288.45,650
2004/8/19,1300,651
2004/9/19,1303,652
2004/10/19,1305.45,653
2004/11/19,1298.8,654
2004/12/19,1294.3,655
4/15/19,1285.65,656
4/16/19,1276.35,657
4/17/19,1275.85,658
4/18/19,1275.7,659
4/23/19,1269.5,660
4/24/19,1271.65,661
4/25/19,1280.8,662
4/26/19,1284.2,663
4/29/19,1279.5,664
4/30/19,1282.3,665
2005/1/19,1283.8,666
2005/2/19,1270.95,667
2005/3/19,1278.55,668
2005/7/19,1281.2,669
2005/8/19,1285.2,670
2005/9/19,1286.1,671
2005/10/19,1287.1,672
5/13/19,1295.6,673
5/14/19,1298.4,674
5/15/19,1299.1,675
5/16/19,1291.7,676
5/17/19,1280.8,677
5/20/19,1276.85,678
5/21/19,1271.15,679
5/22/19,1273.8,680
5/23/19,1283.65,681
5/24/19,1282.5,682
5/28/19,1278.3,683
5/29/19,1281.65,684
5/30/19,1280.95,685
5/31/19,1295.55,686
2006/3/19,1317.1,687
2006/4/19,1324.25,688
2006/5/19,1335.05,689
2006/6/19,1335.5,690
2006/7/19,1340.65,691
2006/10/19,1328.6,692
2006/11/19,1324.3,693
2006/12/19,1332.35,694
6/13/19,1335.9,695
6/14/19,1351.25,696
6/17/19,1341.3,697
6/18/19,1341.35,698
6/19/19,1344.05,699
6/20/19,1379.5,700
6/21/19,1397.15,701
6/24/19,1405.7,702
6/25/19,1431.4,703
6/26/19,1403.95,704
6/27/19,1402.5,705
6/28/19,1409,706
2007/1/19,1390.1,707
2007/2/19,1391.05,708
2007/3/19,1413.5,709
2007/4/19,1414.9,710
2007/5/19,1388.65,711
2007/8/19,1400.1,712
2007/9/19,1391.55,713
2007/10/19,1408.3,714
2007/11/19,1413.75,715
2007/12/19,1407.6,716
7/15/19,1412.4,717
7/16/19,1409.85,718
7/17/19,1410.35,719
7/18/19,1417.45,720
7/19/19,1439.7,721
7/22/19,1427.75,722
7/23/19,1425.55,723
7/24/19,1426.95,724
7/25/19,1416.1,725
7/26/19,1420.4,726
7/29/19,1419.05,727
7/30/19,1425.9,728
7/31/19,1427.55,729
2008/1/19,1406.8,730
2008/2/19,1441.75,731
2008/5/19,1465.25,732
2008/6/19,1465.25,733
2008/7/19,1506.05,734
2008/8/19,1495.75,735
2008/9/19,1497.7,736
2008/12/19,1504.7,737
8/13/19,1498.4,738
8/14/19,1513.25,739
8/15/19,1515.65,740
8/16/19,1515.25,741
8/19/19,1496.6,742
8/20/19,1504.55,743
8/21/19,1503.25,744
8/22/19,1502.05,745
8/23/19,1503.8,746
8/27/19,1532.95,747
8/28/19,1537.15,748
8/29/19,1540.2,749
8/30/19,1528.4,750
2009/2/19,1525.95,751
2009/3/19,1537.85,752
2009/4/19,1546.1,753
2009/5/19,1529.1,754
2009/6/19,1523.7,755
2009/9/19,1509.2,756
2009/10/19,1498.25,757
2009/11/19,1490.65,758
2009/12/19,1515.2,759
9/13/19,1503.1,760
9/16/19,1497.2,761
9/17/19,1502.1,762
9/18/19,1503.5,763
9/19/19,1500.7,764
9/20/19,1501.9,765
9/23/19,1522.1,766
9/24/19,1520.65,767
9/25/19,1528.75,768
9/26/19,1506.4,769
9/27/19,1489.9,770
9/30/19,1485.3,771
2010/1/19,1473.45,772
2010/2/19,1492.6,773
2010/3/19,1517.1,774
2010/4/19,1499.15,775
2010/7/19,1501.25,776
2010/8/19,1505.85,777
2010/9/19,1507.25,778
2010/10/19,1494.8,779
2010/11/19,1479.15,780
10/14/19,1490.6,781
10/15/19,1487.8,782
10/16/19,1485.1,783
10/17/19,1492.65,784
10/18/19,1490,785
10/21/19,1491.65,786
10/22/19,1485.35,787
10/23/19,1494.45,788
10/24/19,1496.55,789
10/25/19,1513.45,790
10/28/19,1492.4,791
10/29/19,1486.75,792
10/30/19,1492.1,793
10/31/19,1510.95,794
2011/1/19,1508.8,795
2011/4/19,1509.45,796
2011/5/19,1488.95,797
2011/6/19,1486.05,798
2011/7/19,1484.25,799
2011/8/19,1464.15,800
2011/11/19,1458.7,801
2011/12/19,1452.05,802
11/13/19,1462.9,803
11/14/19,1466.65,804
11/15/19,1466.9,805
11/18/19,1467.65,806
11/19/19,1468.45,807
11/20/19,1471.7,808
11/21/19,1467.05,809
11/22/19,1464.45,810
11/25/19,1458.4,811
11/26/19,1454.65,812
11/27/19,1454.35,813
11/28/19,1454.65,814
11/29/19,1460.15,815
2012/2/19,1461.15,816
2012/3/19,1477.3,817
2012/4/19,1475.1,818
2012/5/19,1475.95,819
2012/6/19,1459.65,820
2012/9/19,1461.7,821
2012/10/19,1464.95,822
2012/11/19,1466.8,823
2012/12/19,1467.8,824
12/13/19,1466.6,825
12/16/19,1477.9,826
12/17/19,1475.8,827
12/18/19,1474.05,828
12/19/19,1476.7,829
12/20/19,1479,830
12/23/19,1482.1,831
12/24/19,,832
12/27/19,1511.5,833
12/30/19,1514.75,834
12/31/19,,835
2001/2/20,1527.1,836
2001/3/20,1548.75,837
2001/6/20,1573.1,838
2001/7/20,1567.85,839
2001/8/20,1571.95,840
2001/9/20,1550.75,841
2001/10/20,1553.6,842
1/13/20,1549.9,843
1/14/20,1545.1,844
1/15/20,1549,845
1/16/20,1554.55,846
1/17/20,1557.6,847
1/20/20,1560.15,848
1/21/20,1551.3,849
1/22/20,1556.9,850
1/23/20,1562.9,851
1/24/20,1564.3,852
1/27/20,1580.1,853
1/28/20,1574,854
1/29/20,1573.45,855
1/30/20,1578.25,856
1/31/20,1584.2,857
2002/3/20,1574.75,858
2002/4/20,1558.35,859
2002/5/20,1553.3,860
2002/6/20,1563.3,861
2002/7/20,1572.65,862
2002/10/20,1573.2,863
2002/11/20,1570.5,864
2002/12/20,1563.7,865
2/13/20,1575.05,866
2/14/20,1581.4,867
2/17/20,1580.8,868
2/18/20,1589.85,869
2/19/20,1604.2,870
2/20/20,1619,871
2/21/20,1643.3,872
2/24/20,1671.65,873
2/25/20,1650.3,874
2/26/20,1634.9,875
2/27/20,1652,876
2/28/20,1609.85,877
2003/2/20,1599.65,878
2003/3/20,1615.5,879
2003/4/20,1641.85,880
2003/5/20,1659.6,881
2003/6/20,1683.65,882
2003/9/20,1672.5,883
2003/10/20,1655.7,884
2003/11/20,1653.75,885
2003/12/20,1570.7,886
3/13/20,1562.8,887
3/16/20,1487.7,888
3/17/20,1536.2,889
3/18/20,1498.2,890
3/19/20,1474.25,891
3/20/20,1494.4,892
3/23/20,1525.4,893
3/24/20,1605.75,894
3/25/20,1605.45,895
3/26/20,1634.8,896
3/27/20,1617.3,897
3/30/20,1618.3,898
3/31/20,1608.95,899
2004/1/20,1576.55,900
2004/2/20,1616.8,901
2004/3/20,1613.1,902
2004/6/20,1648.3,903
2004/7/20,1649.25,904
2004/8/20,1647.8,905
2004/9/20,1680.65,906
4/14/20,1741.9,907
4/15/20,1718.65,908
4/16/20,1729.5,909
4/17/20,1692.55,910
4/20/20,1686.2,911
4/21/20,1682.05,912
4/22/20,1710.55,913
4/23/20,1736.25,914
4/24/20,1715.9,915
4/27/20,1714.95,916
4/28/20,1691.55,917
4/29/20,1703.35,918
4/30/20,1702.75,919
2005/1/20,1686.25,920
2005/4/20,1709.1,921
2005/5/20,1699.55,922
2005/6/20,1691.5,923
2005/7/20,1704.05,924
2005/11/20,1702.75,925
2005/12/20,1702.4,926
5/13/20,1708.4,927
5/14/20,1731.6,928
5/15/20,1735.35,929
5/18/20,1734.7,930
5/19/20,1737.95,931
5/20/20,1748.3,932
5/21/20,1724.9,933
5/22/20,1733.55,934
5/26/20,1720.25,935
5/27/20,1694.6,936
5/28/20,1717.35,937
5/29/20,1728.7,938
2006/1/20,1730.6,939
2006/2/20,1742.15,940
2006/3/20,1705.35,941
2006/4/20,1700.05,942
2006/5/20,1683.45,943
2006/8/20,1690.35,944
2006/9/20,1713.5,945
2006/10/20,1722.05,946
2006/11/20,1738.25,947
2006/12/20,1733.5,948
6/15/20,1710.45,949
6/16/20,1719.85,950
6/17/20,1724.35,951
6/18/20,1719.5,952
6/19/20,1734.75,953
6/22/20,1761.85,954
6/23/20,1768.9,955
6/24/20,1766.05,956
6/25/20,1756.55,957
6/26/20,1747.6,958
6/29/20,1771.6,959
6/30/20,1768.1,960
2007/1/20,1771.05,961
2007/2/20,1777.45,962
2007/3/20,1772.9,963
2007/6/20,1787.9,964
2007/7/20,1789.55,965
2007/8/20,1811.1,966
2007/9/20,1812.1,967
2007/10/20,1803.1,968
7/13/20,1807.5,969
7/14/20,1801.9,970
7/15/20,1804.6,971
7/16/20,1807.7,972
7/17/20,1807.35,973
7/20/20,1815.65,974
7/21/20,1842.55,975
7/22/20,1852.4,976
7/23/20,1878.3,977
7/24/20,1902.1,978
7/27/20,1936.65,979
7/28/20,1940.9,980
7/29/20,1950.9,981
7/30/20,1957.65,982
7/31/20,1964.9,983
2008/3/20,1958.55,984
2008/4/20,1977.9,985
2008/5/20,2048.15,986
2008/6/20,2067.15,987
2008/7/20,2031.15,988
2008/10/20,2044.5,989
2008/11/20,1939.65,990
2008/12/20,1931.9,991
8/13/20,1944.25,992
8/14/20,1944.75,993
8/17/20,1972.85,994
8/18/20,2008.75,995
8/19/20,1981,996
8/20/20,1927.15,997
8/21/20,1924.35,998
8/24/20,1943.95,999
8/25/20,1911.15,1000
8/26/20,1932.95,1001
8/27/20,1923.85,1002
8/28/20,1957.35,1003
2009/1/20,1972.35,1004
2009/2/20,1947.05,1005
2009/3/20,1940.45,1006
2009/4/20,1926.3,1007
2009/7/20,1928.45,1008
2009/8/20,1910.95,1009
2009/9/20,1947.2,1010
2009/10/20,1966.25,1011
2009/11/20,1947.4,1012
9/14/20,1958.7,1013
9/15/20,1949.35,1014
9/16/20,1961.8,1015
9/17/20,1936.25,1016
9/18/20,1950.85,1017
9/21/20,1909.35,1018
9/22/20,1906,1019
9/23/20,1873.4,1020
9/24/20,1861.75,1021
9/25/20,1859.7,1022
9/28/20,1864.3,1023
9/29/20,1883.95,1024
9/30/20,1886.9,1025
2010/1/20,1902,1026
2010/2/20,1903.05,1027
2010/5/20,1909.6,1028
2010/6/20,1913.4,1029
2010/7/20,1884.5,1030
2010/8/20,1887.45,1031
2010/9/20,1923.25,1032
2010/12/20,1925.5,1033
10/13/20,1891.3,1034
10/14/20,1910.05,1035
10/15/20,1891.9,1036
10/16/20,1905.05,1037
10/19/20,1905.6,1038
10/20/20,1898.4,1039
10/21/20,1924.15,1040
10/22/20,1900.95,1041
10/23/20,1903.65,1042
10/26/20,1898.45,1043
10/27/20,1905.7,1044
10/28/20,1869.95,1045
10/29/20,1870.3,1046
10/30/20,1881.85,1047
2011/2/20,1889.9,1048
2011/3/20,1908.3,1049
2011/4/20,1900.15,1050
2011/5/20,1938.45,1051
2011/6/20,1940.8,1052
2011/9/20,1867.3,1053
2011/10/20,1878.7,1054
2011/11/20,1860.95,1055
2011/12/20,1874.85,1056
11/13/20,1890.9,1057
11/16/20,1885.6,1058
11/17/20,1889.05,1059
11/18/20,1876.1,1060
11/19/20,1857.35,1061
11/20/20,1875.7,1062
11/23/20,1840.2,1063
11/24/20,1799.6,1064
11/25/20,1810.2,1065
11/26/20,1807.4,1066
11/27/20,1779.3,1067
11/30/20,1762.55,1068
2012/1/20,1810.75,1069
2012/2/20,1822.6,1070
2012/3/20,1832.35,1071
2012/4/20,1843,1072
2012/7/20,1859.95,1073
2012/8/20,1868.15,1074
2012/9/20,1841.75,1075
2012/10/20,1844.35,1076
2012/11/20,1842,1077
12/14/20,1831.15,1078
12/15/20,1850.65,1079
12/16/20,1851.95,1080
12/17/20,1890.75,1081
12/18/20,1879.75,1082
12/21/20,1880,1083
12/22/20,1877.1,1084
12/23/20,1875,1085
12/24/20,,1086
12/29/20,1874.3,1087
12/30/20,1887.6,1088
12/31/20,,1089
2001/4/21,1943.2,1090
2001/5/21,1940.35,1091
2001/6/21,1931.95,1092
2001/7/21,1920.1,1093
2001/8/21,1862.9,1094
2001/11/21,1847.25,1095
2001/12/21,1841.25,1096
1/13/21,1858.85,1097
1/14/21,1841.75,1098
1/15/21,1839,1099
1/18/21,1833.05,1100
1/19/21,1834.7,1101
1/20/21,1856.6,1102
1/21/21,1862.1,1103
1/22/21,1852.7,1104
1/25/21,1856.85,1105
1/26/21,1856.6,1106
1/27/21,1843,1107
1/28/21,1853.7,1108
1/29/21,1863.8,1109
2002/1/21,1862.95,1110
2002/2/21,1833.1,1111
2002/3/21,1835.45,1112
2002/4/21,1785.9,1113
2002/5/21,1802.95,1114
2002/8/21,1835.25,1115
2002/9/21,1839.6,1116
2002/10/21,1842.65,1117
2002/11/21,1840.1,1118
2002/12/21,1816.35,1119
2/15/21,1817.3,1120
2/16/21,1794.25,1121
2/17/21,1780.7,1122
2/18/21,1773.15,1123
2/19/21,1786.2,1124
2/22/21,1807.45,1125
2/23/21,1799.65,1126
2/24/21,1788,1127
2/25/21,1779.65,1128
2/26/21,1742.85,1129
2003/1/21,1734.15,1130
2003/2/21,1723.85,1131
2003/3/21,1711.4,1132
2003/4/21,1712.1,1133
2003/5/21,1696.25,1134
2003/8/21,1687.05,1135
2003/9/21,1716.9,1136
2003/10/21,1716.2,1137
2003/11/21,1724.25,1138
2003/12/21,1704.8,1139
3/15/21,1723.65,1140
3/16/21,1735,1141
3/17/21,1729.65,1142
3/18/21,1725.9,1143
3/19/21,1735.2,1144
3/22/21,1736.15,1145
3/23/21,1726.2,1146
3/24/21,1730.5,1147
3/25/21,1737.3,1148
3/26/21,1731.8,1149
3/29/21,1705.95,1150
3/30/21,1683.95,1151
3/31/21,1691.05,1152
2004/1/21,1726.05,1153
2004/6/21,1744.65,1154
2004/7/21,1738.05,1155
2004/8/21,1755.5,1156
2004/9/21,1741.2,1157
2004/12/21,1732.85,1158
4/13/21,1747.95,1159
4/14/21,1735.55,1160
4/15/21,1757.2,1161
4/16/21,1774.45,1162
4/19/21,1774.5,1163
4/20/21,1777.85,1164
4/21/21,1798.2,1165
4/22/21,1787.75,1166
4/23/21,1781.8,1167
4/26/21,1773.35,1168
4/27/21,1784.15,1169
4/28/21,1772.2,1170
4/29/21,1762.65,1171
4/30/21,1767.65,1172
2005/4/21,1797.75,1173
2005/5/21,1782.25,1174
2005/6/21,1813.15,1175
2005/7/21,1836.55,1176
2005/10/21,1840.45,1177
2005/11/21,1829.1,1178
2005/12/21,1830.7,1179
5/13/21,1821.8,1180
5/14/21,1838.1,1181
5/17/21,1853.7,1182
5/18/21,1866.75,1183
5/19/21,1888.45,1184
5/20/21,1878.3,1185
5/21/21,1875.9,1186
5/24/21,1880.15,1187
5/25/21,1887,1188
5/26/21,1899.75,1189
5/27/21,1891.45,1190
5/28/21,1899.95,1191
2006/1/21,1899.35,1192
2006/2/21,1902.75,1193
2006/3/21,1866.55,1194
2006/4/21,1890.6,1195
2006/7/21,1888.4,1196
2006/8/21,1893.15,1197
2006/9/21,1894.6,1198
2006/10/21,1888.65,1199
2006/11/21,1881.05,1200
6/14/21,1865.6,1201
6/15/21,1865.1,1202
6/16/21,1860.75,1203
6/17/21,1778.7,1204
6/18/21,1773.1,1205
6/21/21,1775.05,1206
6/22/21,1775.05,1207
6/23/21,1791.6,1208
6/24/21,1784.85,1209
6/25/21,1786.65,1210
6/28/21,1780.3,1211
6/29/21,1755.45,1212
6/30/21,1763.15,1213
2007/1/21,1781.5,1214
2007/2/21,1786.15,1215
2007/5/21,1791.35,1216
2007/6/21,1809.85,1217
2007/7/21,1804.65,1218
2007/8/21,1807.7,1219
2007/9/21,1806,1220
2007/12/21,1792.4,1221
7/13/21,1813.85,1222
7/14/21,1823.2,1223
7/15/21,1823.75,1224
7/16/21,1824.3,1225
7/19/21,1814.9,1226
7/20/21,1823.05,1227
7/21/21,1802.15,1228
7/22/21,1799.45,1229
7/23/21,1799.6,1230
7/26/21,1800.2,1231
7/27/21,1800.35,1232
7/28/21,1796.6,1233
7/29/21,1829.3,1234
7/30/21,1825.75,1235
2008/2/21,1811.45,1236
2008/3/21,1812.65,1237
2008/4/21,1829.1,1238
2008/5/21,1800.75,1239
2008/6/21,1762.9,1240
2008/9/21,1738.85,1241
2008/10/21,1723.35,1242
2008/11/21,1743.6,1243
2008/12/21,1747.4,1244
8/13/21,1773.85,1245
8/16/21,1786.35,1246
8/17/21,1789.45,1247
8/18/21,1783.45,1248
8/19/21,1782.05,1249
8/20/21,1779.05,1250
8/23/21,1802,1251
8/24/21,1808.45,1252
8/25/21,1788.7,1253
8/26/21,1786.6,1254
8/27/21,1798.5,1255
8/31/21,1814.85,1256
2009/1/21,1811.8,1257
2009/2/21,1812.55,1258
2009/3/21,1823.7,1259
2009/6/21,1821.6,1260
2009/7/21,1802.15,1261
2009/8/21,1786,1262
2009/9/21,1788.25,1263
2009/10/21,1794.6,1264
