Date,Value,,,rate,increase/decrease
2009-11-16,621.65,1,,1,1
2009-12-16,609.67,2,,-0.019271294,0
9/13/16,610.92,3,,0.00205029,1
9/14/16,608.82,4,,-0.003437439,0
9/15/16,610.38,5,,0.002562334,1
9/16/16,609.11,6,,-0.002080671,0
9/17/16,607.04,7,,-0.003398401,0
9/18/16,611.58,8,,0.007478914,1
9/19/16,610.19,9,,-0.002272802,0
9/20/16,608.66,10,,-0.002507416,0
9/21/16,598.88,11,,-0.016068084,0
9/22/16,597.42,12,,-0.002437884,0
9/23/16,594.08,13,,-0.005590707,0
9/24/16,603.88,14,,0.016496095,1
9/25/16,601.74,15,,-0.00354375,0
9/26/16,598.98,16,,-0.004586699,0
9/27/16,605.96,17,,0.011653144,1
9/28/16,605.67,18,,-0.000478579,0
9/29/16,603.85,19,,-0.003004937,0
9/30/16,609.39,20,,0.009174464,1
2010-1-16,614.82,21,,0.00891055,1
2010-2-16,612.98,22,,-0.002992746,0
2010-3-16,611.85,23,,-0.001843453,0
2010-4-16,609.62,24,,-0.003644684,0
2010-5-16,607.18,25,,-0.004002493,0
2010-6-16,612.08,26,,0.008070095,1
2010-7-16,617.21,27,,0.008381257,1
2010-8-16,614.74,28,,-0.004001879,0
2010-9-16,615.65,29,,0.001480301,1
2010-10-16,617.54,30,,0.003069926,1
2010-11-16,614.77,31,,-0.004485539,0
2010-12-16,635.01,32,,0.032922882,1
10/13/16,635.96,33,,0.001496039,1
10/14/16,634.02,34,,-0.003050506,0
10/15/16,637.94,35,,0.00618277,1
10/16/16,641.42,36,,0.005455058,1
10/17/16,638.97,37,,-0.00381965,0
10/18/16,636.29,38,,-0.00419425,0
10/19/16,629.25,39,,-0.011064137,0
10/20/16,627.72,40,,-0.002431466,0
10/21/16,631.92,41,,0.006690881,1
10/22/16,655.48,42,,0.0372832,1
10/23/16,653.25,43,,-0.003402087,0
10/24/16,651.39,44,,-0.002847302,0
10/25/16,655.31,45,,0.0060179,1
10/26/16,651.45,46,,-0.005890342,0
10/27/16,682.22,47,,0.047233095,1
10/28/16,687.68,48,,0.008003283,1
10/29/16,685.91,49,,-0.002573872,0
10/30/16,698,50,,0.017626219,1
10/31/16,702,51,,0.005730659,1
2011-1-16,697.01,52,,-0.007108262,0
2011-2-16,733.33,53,,0.052108291,1
2011-3-16,686.17,54,,-0.064309383,0
2011-4-16,683.69,55,,-0.003614265,0
2011-5-16,704.79,56,,0.03086194,1
2011-6-16,712,57,,0.010229998,1
2011-7-16,709.96,58,,-0.002865169,0
2011-8-16,708.97,59,,-0.001394445,0
2011-9-16,720.93,60,,0.016869543,1
2011-10-16,721.5,61,,0.000790645,1
2011-11-16,715.45,62,,-0.008385308,0
2011-12-16,703.71,63,,-0.016409253,0
11/13/16,702.28,64,,-0.002032087,0
11/14/16,706.46,65,,0.005952042,1
11/15/16,710.91,66,,0.006299012,1
11/16/16,711.73,67,,0.001153451,1
11/17/16,736.96,68,,0.035448836,1
11/18/16,747.52,69,,0.014329136,1
11/19/16,748.98,70,,0.001953125,1
11/20/16,729.06,71,,-0.026596171,0
11/21/16,738.53,72,,0.012989329,1
11/22/16,736.97,73,,-0.002112304,0
11/23/16,741.63,74,,0.006323188,1
11/24/16,737.45,75,,-0.005636234,0
11/25/16,735.64,76,,-0.002454404,0
11/26/16,733.67,77,,-0.00267794,0
11/27/16,727.96,78,,-0.007782791,0
11/28/16,727.31,79,,-0.000892906,0
11/29/16,732.71,80,,0.007424619,1
11/30/16,742.69,81,,0.013620668,1
2012-1-16,742.05,82,,-0.000861732,0
2012-2-16,772.43,83,,0.040940637,1
2012-3-16,764.33,84,,-0.010486387,0
2012-4-16,762.97,85,,-0.001779336,0
2012-5-16,754.63,86,,-0.010930967,0
2012-6-16,756.62,87,,0.002637054,1
2012-7-16,758.99,88,,0.003132352,1
2012-8-16,769.72,89,,0.014137209,1
2012-9-16,770.02,90,,0.000389752,1
2012-10-16,769.08,91,,-0.001220748,0
2012-11-16,777,92,,0.010298018,1
2012-12-16,777,93,,0,1
12/13/16,777.99,94,,0.001274131,1
12/14/16,774.89,95,,-0.003984627,0
12/15/16,776.75,96,,0.002400341,1
12/16/16,775.88,97,,-0.001120051,0
12/17/16,788.7,98,,0.016523174,1
12/18/16,788.4,99,,-0.000380373,0
12/19/16,788.67,100,,0.000342466,1
12/20/16,793.09,101,,0.005604372,1
12/21/16,824.21,102,,0.039238926,1
12/22/16,834.97,103,,0.013054925,1
12/23/16,901.31,104,,0.079451956,1
12/24/16,891.61,105,,-0.010762113,0
12/25/16,892.6,106,,0.001110351,1
12/26/16,897.33,107,,0.005299126,1
12/27/16,930.37,108,,0.036820345,1
12/28/16,930.34,109,,-3.22452E-05,0
12/29/16,963.38,110,,0.035513898,1
12/30/16,952.15,111,,-0.011656875,0
12/31/16,958.12,112,,0.00627002,1
2001-1-17,997.72,113,,0.04133094,1
2001-2-17,1015.97,114,,0.018291705,1
2001-3-17,1013.42,115,,-0.002509917,0
2001-4-17,1126.76,116,,0.111839119,1
2001-5-17,994.67,117,,-0.117229934,0
2001-6-17,999.65,118,,0.005006686,1
2001-7-17,896.83,119,,-0.102856,0
2001-8-17,908.14,120,,0.012611086,1
2001-9-17,910.49,121,,0.002587707,1
2001-10-17,906.05,122,,-0.004876495,0
2001-11-17,785.22,123,,-0.133359086,0
2001-12-17,780.92,124,,-0.005476172,0
1/13/17,826.29,125,,0.058098141,1
1/14/17,817.91,126,,-0.010141718,0
1/15/17,819.55,127,,0.002005111,1
1/16/17,830.5,128,,0.013360991,1
1/17/17,903.84,129,,0.088308248,1
1/18/17,906.6,130,,0.003053638,1
1/19/17,895.798875,131,,-0.011913882,0
1/20/17,893.6210875,132,,-0.002431112,0
1/21/17,895.64,133,,0.002259249,1
1/22/17,918.603625,134,,0.025639347,1
1/23/17,922.0736125,135,,0.003777459,1
1/24/17,919.97,136,,-0.002281393,0
1/25/17,893.045625,137,,-0.029266579,0
1/26/17,915.95625,138,,0.025654484,1
1/27/17,915.05,139,,-0.000989403,0
1/28/17,920.31225,140,,0.005750779,1
1/29/17,915.933,141,,-0.004758439,0
1/30/17,912.19,142,,-0.004086543,0
1/31/17,964.706075,143,,0.057571422,1
2002-1-17,979.703875,144,,0.015546497,1
2002-2-17,983.42,145,,0.00379311,1
2002-3-17,1013.027,146,,0.03010616,1
2002-4-17,1030.999413,147,,0.017741297,1
2002-5-17,1034.07,148,,0.002978263,1
2002-6-17,1024.01375,149,,-0.009724922,0
2002-7-17,1050.11,150,,0.025484277,1
2002-8-17,1052.84,151,,0.002599728,1
2002-9-17,976.103,152,,-0.072885719,0
2002-10-17,999.1035,153,,0.023563599,1
2002-11-17,997.59,154,,-0.001514858,0
2002-12-17,1000.604625,155,,0.003021908,1
2/13/17,999.877375,156,,-0.000726811,0
2/14/17,1001.2,157,,0.001322787,1
2/15/17,1012.325988,158,,0.011112653,1
2/16/17,1035.208125,159,,0.022603526,1
2/17/17,1035.2,160,,-7.84866E-06,0
2/18/17,1056.637138,161,,0.020708209,1
2/19/17,1052.779286,162,,-0.003651066,0
2/20/17,1050.87,163,,-0.001813567,0
2/21/17,1123.788429,164,,0.069388629,1
2/22/17,1123.223188,165,,-0.000502978,0
2/23/17,1130.01,166,,0.006042265,1
2/24/17,1174.86625,167,,0.039695445,1
2/25/17,1150.605714,168,,-0.020649615,0
2/26/17,1150.37,169,,-0.000204861,0
2/27/17,1190.75195,170,,0.035103445,1
2/28/17,1187.565286,171,,-0.002676178,0
2003-1-17,1190.89,172,,0.002799605,1
2003-2-17,1259.410817,173,,0.057537486,1
2003-3-17,1285.14,174,,0.020429539,1
2003-4-17,1287,175,,0.001447313,1
2003-5-17,1270.9333,176,,-0.012483838,0
2003-6-17,1275.197375,177,,0.003355074,1
2003-7-17,1279.5,178,,0.003374086,1
2003-8-17,1157.3933,179,,-0.095433138,0
2003-9-17,1192.469143,180,,0.030305898,1
2003-10-17,1192.09,181,,-0.000317948,0
2003-11-17,1179.159875,182,,-0.010846601,0
2003-12-17,1227.494625,183,,0.040990837,1
3/13/17,1227.68,184,,0.000151019,1
3/14/17,1245.370786,185,,0.014409933,1
3/15/17,1257.399625,186,,0.009658841,1
3/16/17,1257,187,,-0.000317819,0
3/17/17,1091.171888,188,,-0.131923717,0
3/18/17,952.2323625,189,,-0.127330558,0
3/19/17,967.69,190,,0.016233052,1
3/20/17,1049.084488,191,,0.084112152,1
3/21/17,1118.630043,192,,0.066291663,1
3/22/17,1113,193,,-0.00503298,0
3/23/17,1038.789,194,,-0.06667655,0
3/24/17,941.9197143,195,,-0.093252129,0
3/25/17,927.93,196,,-0.014852343,0
3/26/17,956.7863125,197,,0.03109751,1
3/27/17,1037.22925,198,,0.084076179,1
3/28/17,1041.04,199,,0.003673971,1
3/29/17,1040.5755,200,,-0.000446188,0
3/30/17,1037.90455,201,,-0.002566801,0
3/31/17,1034.74,202,,-0.00304898,0
2004-1-17,1086.929571,203,,0.050437377,1
2004-2-17,1099.169125,204,,0.011260669,1
2004-3-17,1079.99,205,,-0.017448748,0
2004-4-17,1141.600363,206,,0.057047161,1
2004-5-17,1133.079314,207,,-0.007464126,0
2004-6-17,1133.53,208,,0.000397753,1
2004-7-17,1190.45425,209,,0.050218565,1
2004-8-17,1181.149838,210,,-0.00781585,0
2004-9-17,1184.03,211,,0.002438439,1
2004-10-17,1207.744875,212,,0.020028948,1
2004-11-17,1226.617038,213,,0.015625952,1
2004-12-17,1219.09,214,,-0.006136421,0
4/13/17,1180.023713,215,,-0.032045449,0
4/14/17,1185.260057,216,,0.00443749,1
4/15/17,1170.36,217,,-0.012571129,0
4/16/17,1186.927413,218,,0.014155826,1
4/17/17,1205.634875,219,,0.015761252,1
4/18/17,1176.97,220,,-0.023775751,0
4/19/17,1217.930088,221,,0.034801302,1
4/20/17,1241.686325,222,,0.019505419,1
4/21/17,1236.63,223,,-0.004072144,0
4/22/17,1261.311225,224,,0.019958456,1
4/23/17,1257.988113,225,,-0.002634649,0
4/24/17,1240.84,226,,-0.013631379,0
4/25/17,1279.414688,227,,0.03108756,1
4/26/17,1309.109875,228,,0.023209978,1
4/27/17,1288.02,229,,-0.016110088,0
4/28/17,1331.294429,230,,0.033597637,1
4/29/17,1334.979038,231,,0.002767689,1
4/30/17,1333,232,,-0.001482449,0
2005-1-17,1417.172813,233,,0.063145396,1
2005-2-17,1452.076288,234,,0.024628948,1
2005-3-17,1447.55,235,,-0.003117114,0
2005-4-17,1508.292125,236,,0.041962022,1
2005-5-17,1533.335071,237,,0.016603512,1
2005-6-17,1518.75,238,,-0.009511992,0
2005-7-17,1535.868429,239,,0.011271394,1
2005-8-17,1640.619225,240,,0.068202975,1
2005-9-17,1651.1,241,,0.006388304,1
2005-10-17,1762.88625,242,,0.067704106,1
2005-11-17,1820.990563,243,,0.032959763,1
2005-12-17,1829,244,,0.004398396,1
5/13/17,1771.920013,245,,-0.031208303,0
5/14/17,1776.3165,246,,0.002481199,1
5/15/17,1780,247,,0.002073673,1
5/16/17,1739.031975,248,,-0.023015744,0
5/17/17,1807.485063,249,,0.039362754,1
5/18/17,1783.98,250,,-0.013004292,0
5/19/17,1961.520488,251,,0.099519326,1
5/20/17,2052.909788,252,,0.04659105,1
5/21/17,2008.84,253,,-0.021466987,0
5/22/17,2090.662313,254,,0.040731125,1
5/23/17,2287.710288,255,,0.09425146,1
5/24/17,2256.32,256,,-0.013721269,0
5/25/17,2387.206286,257,,0.058008743,1
5/26/17,2211.976857,258,,-0.073403555,0
5/27/17,2279.82,259,,0.03067082,1
5/28/17,2192.9808,260,,-0.038090376,0
5/29/17,2275.9307,261,,0.037825183,1
5/30/17,2290.02,262,,0.006190566,1
5/31/17,2285.933914,263,,-0.001784301,0
2006-1-17,2399.242671,264,,0.049567818,1
2006-2-17,2409.93,265,,0.004454459,1
2006-3-17,2525.765158,266,,0.048065777,1
2006-4-17,2516.173143,267,,-0.003797667,0
2006-5-17,2529.53,268,,0.005308401,1
2006-6-17,2883.313697,269,,0.139861436,1
2006-7-17,2664.920863,270,,-0.075743695,0
2006-8-17,2683.03,271,,0.006795375,1
2006-9-17,2827.4913,272,,0.053842596,1
2006-10-17,2845.372857,273,,0.006324178,1
2006-11-17,2898.63,274,,0.018717105,1
2006-12-17,2657.675063,275,,-0.08312718,0
6/13/17,2748.185086,276,,0.034056091,1
6/14/17,2706,277,,-0.015350162,0
6/15/17,2442.48025,278,,-0.0973835,0
6/16/17,2464.959814,279,,0.009203581,1
6/17/17,2477.94,280,,0.005265881,1
6/18/17,2507.389252,281,,0.01188457,1
6/19/17,2617.210263,282,,0.043798948,1
6/20/17,2600,283,,-0.006575804,0
6/21/17,2671.04325,284,,0.027324327,1
6/22/17,2727.288013,285,,0.021057227,1
6/23/17,2713.48,286,,-0.00506291,0
6/24/17,2589.164888,287,,-0.045813904,0
6/25/17,2512.366286,288,,-0.029661534,0
6/26/17,2502.03,289,,-0.004114164,0
6/27/17,2517.903114,290,,0.006344094,1
6/28/17,2585.349186,291,,0.026786603,1
6/29/17,2558.3,292,,-0.010462488,0
6/30/17,2477.641375,293,,-0.031528212,0
2007-1-17,2501.191343,294,,0.009504995,1
2007-2-17,2421.26,295,,-0.031957308,0
2007-3-17,2561.225429,296,,0.057806856,1
2007-4-17,2599.729838,297,,0.015033588,1
2007-5-17,2598.89,298,,-0.000323048,0
2007-6-17,2609.96775,299,,0.004262493,1
2007-7-17,2491.201214,300,,-0.045504982,0
2007-8-17,2502.86,301,,0.004679986,1
2007-9-17,2536.238938,302,,0.013336318,1
2007-10-17,2366.170143,303,,-0.06705551,0
2007-11-17,2327.09,304,,-0.016516202,0
2007-12-17,2385.748571,305,,0.025206834,1
7/13/17,2354.783417,306,,-0.012979219,0
7/14/17,2338.49,307,,-0.006919285,0
7/15/17,2058.9956,308,,-0.119519177,0
7/16/17,1931.2143,309,,-0.062060016,0
7/17/17,1910.96,310,,-0.010487857,0
7/18/17,2320.12225,311,,0.214113456,1
7/19/17,2264.7657,312,,-0.023859325,0
7/20/17,2265.21,313,,0.000196179,1
7/21/17,2682.195363,314,,0.184082431,1
7/22/17,2807.609857,315,,0.04675815,1
7/23/17,2825.51,316,,0.006375581,1
7/24/17,2751.821029,317,,-0.026079883,0
7/25/17,2560.997917,318,,-0.069344303,0
7/26/17,2564.3,319,,0.001289374,1
7/27/17,2647.625,320,,0.032494248,1
7/28/17,2781.636583,321,,0.050615772,1
7/29/17,2784.8,322,,0.00113725,1
7/30/17,2745.955417,323,,-0.013948787,0
7/31/17,2866.431667,324,,0.043874074,1
2008-1-17,2862.9,325,,-0.001232078,0
2008-2-17,2693.633983,326,,-0.059123971,0
2008-3-17,2794.117717,327,,0.037304153,1
2008-4-17,2790,328,,-0.001473709,0
2008-5-17,3218.115017,329,,0.153446243,1
2008-6-17,3252.562533,330,,0.010704253,1
2008-7-17,3210.2,331,,-0.013024356,0
2008-8-17,3457.374333,332,,0.076996553,1
2008-9-17,3357.326317,333,,-0.028937571,0
2008-10-17,3340.28,334,,-0.005077349,0
2008-11-17,3632.506667,335,,0.08748568,1
2008-12-17,3852.802914,336,,0.060645793,1
8/13/17,3868.52,337,,0.00407939,1
8/14/17,4282.992,338,,0.107139681,1
8/15/17,4217.028329,339,,-0.015401306,0
8/16/17,4179.97,340,,-0.008787783,0
8/17/17,4328.725717,341,,0.035587748,1
8/18/17,4130.440067,342,,-0.045806933,0
8/19/17,4104.71,343,,-0.006229377,0
8/20/17,4157.958033,344,,0.012972423,1
8/21/17,4043.722,345,,-0.027474071,0
8/22/17,3986.28,346,,-0.01420523,0
8/23/17,4174.95,347,,0.047329841,1
8/24/17,4340.316717,348,,0.039609269,1
8/25/17,4331.77,349,,-0.001969146,0
8/26/17,4360.513317,350,,0.006635467,1
8/27/17,4354.308333,351,,-0.001422994,0
8/28/17,4339.05,352,,-0.003504192,0
8/29/17,4607.98545,353,,0.061980261,1
8/30/17,4594.98785,354,,-0.002820669,0
8/31/17,4582.52,355,,-0.002713359,0
2009-1-17,4911.740017,356,,0.071842571,1
2009-2-17,4580.38748,357,,-0.067461335,0
2009-3-17,4585.57,358,,0.001131459,1
2009-4-17,4344.098317,359,,-0.052659033,0
2009-5-17,4488.72014,360,,0.033291563,1
2009-6-17,4385.02,361,,-0.023102385,0
2009-7-17,4654.6585,362,,0.061490826,1
2009-8-17,4310.750183,363,,-0.073884758,0
2009-9-17,4312.26,364,,0.000350245,1
2009-10-17,4329.955,365,,0.004103417,1
2009-11-17,4248.090017,366,,-0.018906659,0
2009-12-17,4198.59,367,,-0.011652299,0
9/13/17,3961.271267,368,,-0.056523436,0
9/14/17,3319.63,369,,-0.161978623,0
9/15/17,3216.43,370,,-0.031087802,0
9/16/17,3763.62604,371,,0.170125276,1
9/17/17,3746.060783,372,,-0.00466711,0
9/18/17,3678.53,373,,-0.018027146,0
9/19/17,3943.413333,374,,0.072007931,1
9/20/17,3977.561667,375,,0.008659588,1
9/21/17,3894.48,376,,-0.020887587,0
9/22/17,3637.50255,377,,-0.065985048,0
9/23/17,3776.3869,378,,0.038181238,1
9/24/17,3777.62,379,,0.000326529,1
9/25/17,3942.555,380,,0.043661088,1
9/26/17,3910.307383,381,,-0.00817937,0
9/27/17,3881,382,,-0.007494905,0
9/28/17,4201.98905,383,,0.08270782,1
9/29/17,4193.574667,384,,-0.002002476,0
9/30/17,4164.27,385,,-0.006987992,0
2010-1-17,4360.722967,386,,0.047175848,1
2010-2-17,4386.88375,387,,0.005999185,1
2010-3-17,4394.07,388,,0.001638122,1
2010-4-17,4225.175,389,,-0.03843703,0
2010-5-17,4338.852,390,,0.026904684,1
2010-6-17,4318.58,391,,-0.004672204,0
2010-7-17,4376.191667,392,,0.013340419,1
2010-8-17,4602.280883,393,,0.051663463,1
2010-9-17,4605.66,394,,0.000734227,1
2010-10-17,4782.28,395,,0.038348467,1
2010-11-17,4819.485767,396,,0.007779922,1
2010-12-17,4822.17,397,,0.000556954,1
10/13/17,5563.806567,398,,0.153797267,1
10/14/17,5739.438733,399,,0.031566907,1
10/15/17,5825.99,400,,0.015080093,1
10/16/17,5711.205867,401,,-0.019702082,0
10/17/17,5603.71294,402,,-0.018821406,0
10/18/17,5594.66,403,,-0.001615525,0
10/19/17,5727.6335,404,,0.023767932,1
10/20/17,5979.45984,405,,0.043966909,1
10/21/17,5986.44,406,,0.001167356,1
10/22/17,5983.18455,407,,-0.000543804,0
10/23/17,5876.079867,408,,-0.017900949,0
10/24/17,5900.59,409,,0.004171171,1
10/25/17,5669.622533,410,,-0.039143114,0
10/26/17,5893.138417,411,,0.039423415,1
10/27/17,5889.82,412,,-0.000563098,0
10/28/17,5776.69695,413,,-0.019206538,0
10/29/17,6155.43402,414,,0.065562911,1
10/30/17,6136.49,415,,-0.003077609,0
10/31/17,6388.645167,416,,0.041091107,1
2011-1-17,6665.306683,417,,0.043305194,1
2011-2-17,6751.98,418,,0.01300365,1
2011-3-17,7197.72006,419,,0.0660162,1
2011-4-17,7437.543317,420,,0.033319337,1
2011-5-17,7365.99,421,,-0.009620558,0
2011-6-17,6989.071667,422,,-0.051170085,0
2011-7-17,7092.127233,423,,0.014745244,1
2011-8-17,7128.64,424,,0.005148352,1
2011-9-17,7158.03706,425,,0.004123796,1
2011-10-17,6719.39785,426,,-0.061279259,0
2011-11-17,6569.22,427,,-0.022349897,0
2011-12-17,5716.301583,428,,-0.129835569,0
11/13/17,6550.227533,429,,0.145885576,1
11/14/17,6493.63,430,,-0.008640545,0
11/15/17,7301.42992,431,,0.124398822,1
11/16/17,7815.0307,432,,0.070342493,1
11/17/17,7868.77,433,,0.006876403,1
11/18/17,7817.140383,434,,-0.006561333,0
11/19/17,8007.654067,435,,0.024371276,1
11/20/17,8049.72,436,,0.005253216,1
11/21/17,8059.8,437,,0.001252217,1
11/22/17,8268.035,438,,0.025836249,1
11/23/17,8236.72,439,,-0.003787478,0
11/24/17,8250.978333,440,,0.001731069,1
11/25/17,8707.407267,441,,0.055318159,1
11/26/17,8768.8,442,,0.007050633,1
11/27/17,9718.29505,443,,0.10828107,1
11/28/17,9952.50882,444,,0.024100294,1
11/29/17,9919,445,,-0.003366872,0
11/30/17,10147.372,446,,0.023023692,1
2012-1-17,10883.912,447,,0.07258431,1
2012-2-17,10879.88,448,,-0.000370455,0
2012-3-17,11332.622,449,,0.041612775,1
2012-4-17,11584.83,450,,0.022255044,1
2012-5-17,11591.22,451,,0.000551583,1
2012-6-17,13540.98,452,,0.168210076,1
2012-7-17,16501.97167,453,,0.218668935,1
2012-8-17,16860.88,454,,0.021749421,1
2012-9-17,15142.83415,455,,-0.101895384,0
2012-10-17,14869.805,456,,-0.018030254,0
2012-11-17,15068.95,457,,0.013392576,1
2012-12-17,17276.39333,458,,0.146489525,1
12/13/17,16808.36667,459,,-0.02709053,0
12/14/17,16252.31,460,,-0.033082136,0
12/15/17,17771.9,461,,0.093499939,1
12/16/17,19498.68333,462,,0.097163687,1
12/17/17,19279.9,463,,-0.011220416,0
12/18/17,18961.85667,464,,-0.016496109,0
12/19/17,17737.11167,465,,-0.06458993,0
12/20/17,17382.94,466,,-0.019967832,0
12/21/17,16047.51,467,,-0.076824174,0
12/22/17,15190.945,468,,-0.053376817,0
12/23/17,13776.61,469,,-0.093103819,0
12/24/17,13949.175,470,,0.012525941,1
12/25/17,14119.02833,471,,0.012176586,1
12/26/17,13740.94,472,,-0.026778637,0
12/27/17,15589.32167,473,,0.134516392,1
12/28/17,14380.58167,474,,-0.077536408,0
12/29/17,14214.01,475,,-0.011583097,0
12/30/17,13215.574,476,,-0.070243091,0
12/31/17,14165.575,477,,0.071884959,1
2001-1-18,13796,478,,-0.026089657,0
2001-2-18,15005.85667,479,,0.087696192,1
2001-3-18,15053.26167,480,,0.0031591,1
2001-4-18,15039.24,481,,-0.000931471,0
2001-5-18,17174.12,482,,0.141953982,1
2001-6-18,17319.198,483,,0.008447478,1
2001-7-18,17155.95,484,,-0.009425841,0
2001-8-18,15265.90667,485,,-0.110168386,0
2001-9-18,14714.25333,486,,-0.036136297,0
2001-10-18,14437.42,487,,-0.018813957,0
2001-11-18,13296.794,488,,-0.079004836,0
2001-12-18,13912.882,489,,0.046333575,1
1/13/18,13791.19,490,,-0.008746714,0
1/14/18,13852.92,491,,0.004476046,1
1/15/18,14012.196,492,,0.011497648,1
1/16/18,13554.14,493,,-0.032689808,0
1/17/18,11116.94667,494,,-0.179811728,0
1/18/18,11345.42333,495,,0.020552105,1
1/19/18,11174.82,496,,-0.015037194,0
1/20/18,12950.79333,497,,0.158926348,1
1/21/18,11505.228,498,,-0.111619828,0
1/22/18,11513.42,499,,0.000712024,1
1/23/18,11223.064,500,,-0.025218918,0
1/24/18,11282.25833,501,,0.005274347,1
1/25/18,11392.03,502,,0.009729583,1
1/26/18,10969.815,503,,-0.037062315,0
1/27/18,11524.77667,504,,0.050589884,1
1/28/18,11431.37,505,,-0.008104857,0
1/29/18,11212.655,506,,-0.019132877,0
1/30/18,10184.06167,507,,-0.091735038,0
1/31/18,10082.52,508,,-0.009970646,0
2002-1-18,9083.258333,509,,-0.099108325,0
2002-2-18,8901.901667,510,,-0.019966036,0
2002-3-18,8852.73,511,,-0.005523726,0
2002-4-18,8400.648333,512,,-0.051066921,0
2002-5-18,6838.816667,513,,-0.185917992,0
2002-6-18,6925.46,514,,0.012669346,1
2002-7-18,8099.958333,515,,0.169591382,1
2002-8-18,8240.536667,516,,0.017355439,1
2002-9-18,8245.08,517,,0.000551339,1
2002-10-18,8319.876566,518,,0.00907166,1
2002-11-18,8343.455,519,,0.002833988,1
2002-12-18,8068.02,520,,-0.033012103,0
2/13/18,8597.7675,521,,0.065660162,1
2/14/18,9334.633333,522,,0.085704322,1
2/15/18,9471.64,523,,0.014677241,1
2/16/18,10127.16167,524,,0.069208888,1
2/17/18,10841.99167,525,,0.070585424,1
2/18/18,11085.83,526,,0.022490179,1
2/19/18,11110.965,527,,0.002267309,1
2/20/18,11390.39167,528,,0.025148731,1
2/21/18,11245.98,529,,-0.012678376,0
2/22/18,9931.071667,530,,-0.116922521,0
2/23/18,10162.11667,531,,0.023264861,1
2/24/18,10171.3,532,,0.000903683,1
2/25/18,9696.593333,533,,-0.046671189,0
2/26/18,10348.60333,534,,0.067241141,1
2/27/18,10319.46,535,,-0.002816161,0
2/28/18,10370.165,536,,0.004913532,1
2003-1-18,11009.38167,537,,0.061639971,1
2003-2-18,10931.12,538,,-0.007108634,0
2003-3-18,11326.94833,539,,0.036211141,1
2003-4-18,11430.18167,540,,0.009113959,1
2003-5-18,11516.83,541,,0.007580661,1
2003-6-18,10763.19833,542,,-0.065437422,0
2003-7-18,10118.058,543,,-0.059939463,0
2003-8-18,9920.46,544,,-0.019529242,0
2003-9-18,9089.278333,545,,-0.083784589,0
2003-10-18,8746.002,546,,-0.037767171,0
2003-11-18,8777.37,547,,0.003586553,1
2003-12-18,9182.843333,548,,0.046195311,1
3/13/18,9154.7,549,,-0.003064773,0
3/14/18,9153.54,550,,-0.000126711,0
3/15/18,8358.121667,551,,-0.086897346,0
3/16/18,8530.402,552,,0.020612327,1
3/17/18,8297.89,553,,-0.027256863,0
3/18/18,8171.415,554,,-0.015241827,0
3/19/18,8412.033333,555,,0.029446348,1
3/20/18,8605.64,556,,0.023015442,1
3/21/18,8947.753333,557,,0.039754549,1
3/22/18,8690.408333,558,,-0.028760851,0
3/23/18,8725.37,559,,0.004023018,1
3/24/18,8662.378333,560,,-0.007219369,0
3/25/18,8617.296667,561,,-0.005204306,0
3/26/18,8457.96,562,,-0.018490331,0
3/27/18,7876.195,563,,-0.068783134,0
3/28/18,7960.38,564,,0.010688537,1
3/29/18,7950.61,565,,-0.001227328,0
3/30/18,6882.531667,566,,-0.134339168,0
3/31/18,6935.48,567,,0.007693148,1
2004-1-18,6937.56,568,,0.000299907,1
2004-2-18,7035.848333,569,,0.014167565,1
2004-3-18,7410.435,570,,0.05323973,1
2004-4-18,7426.48,571,,0.00216519,1
2004-5-18,6826.51,572,,-0.080787937,0
2004-6-18,6603.876667,573,,-0.032613053,0
2004-7-18,6634.68,574,,0.004664432,1
2004-8-18,7017.656667,575,,0.057723457,1
2004-9-18,6699.273333,576,,-0.045368896,0
2004-10-18,6784.41,577,,0.012708344,1
2004-11-18,6926.266667,578,,0.020909212,1
2004-12-18,7847.845,579,,0.133055566,1
4/13/18,7941.46,580,,0.011928752,1
4/14/18,8036.511051,581,,0.011968964,1
4/15/18,8340.748333,582,,0.037856886,1
4/16/18,8368.1,583,,0.003279282,1
4/17/18,7895.416926,584,,-0.056486308,0
4/18/18,8164.937426,585,,0.034136323,1
4/19/18,8175.96,586,,0.001349989,1
4/20/18,8852.718333,587,,0.082774174,1
4/21/18,8807.205,588,,-0.00514117,0
4/22/18,8930.6,589,,0.014010688,1
4/23/18,8933.861667,590,,0.000365224,1
4/24/18,9555.542,591,,0.069586967,1
4/25/18,9658.11,592,,0.010733876,1
4/26/18,9258.398333,593,,-0.041386117,0
4/27/18,9010.32,594,,-0.026794951,0
4/28/18,8928.55,595,,-0.009075149,0
4/29/18,9334.281667,596,,0.045442056,1
4/30/18,9259.57,597,,-0.008004008,0
2005-1-18,9239.55,598,,-0.002162087,0
2005-2-18,9221.426,599,,-0.001961567,0
2005-3-18,9639.268333,600,,0.045312117,1
2005-4-18,9753.35,601,,0.011835096,1
2005-5-18,9803.306667,602,,0.005122001,1
2005-6-18,9630.136277,603,,-0.017664488,0
2005-7-18,9631.44,604,,0.000135379,1
2005-8-18,9228.608333,605,,-0.041824656,0
2005-9-18,9322.041667,606,,0.010124315,1
2005-10-18,9310.37,607,,-0.001252051,0
2005-11-18,8468.788,608,,-0.090391896,0
2005-12-18,8484.346667,609,,0.001837178,1
5/13/18,8463.52,610,,-0.002454717,0
5/14/18,8652.038333,611,,0.022274223,1
5/15/18,8511.458,612,,-0.016248233,0
5/16/18,8471.06,613,,-0.004746308,0
5/17/18,8106.118333,614,,-0.043080992,0
5/18/18,8240.055,615,,0.01652291,1
5/19/18,8239.08,616,,-0.000118324,0
5/20/18,8507.406667,617,,0.032567552,1
5/21/18,8385.556187,618,,-0.01432287,0
5/22/18,8396.63,619,,0.001320582,1
5/23/18,7555.74,620,,-0.10014613,0
5/24/18,7566.193333,621,,0.001383496,1
5/25/18,7576.78,622,,0.001399207,1
5/26/18,7342.908333,623,,-0.030866894,0
5/27/18,7361.831667,624,,0.00257709,1
5/28/18,7344.56,625,,-0.00234611,0
5/29/18,7459.876667,626,,0.015700963,1
5/30/18,7385.395,627,,-0.009984303,0
5/31/18,7386.72,628,,0.000179408,1
2006-1-18,7535.146667,629,,0.020093718,1
2006-2-18,7645.146667,630,,0.014598256,1
2006-3-18,7637.14,631,,-0.001047288,0
2006-4-18,7500.273333,632,,-0.017921194,0
2006-5-18,7615.722142,633,,0.015392614,1
2006-6-18,7619.43,634,,0.000486869,1
2006-7-18,7676.271667,635,,0.007460094,1
2006-8-18,7620.153333,636,,-0.007310624,0
2006-9-18,7615.54,637,,-0.000605412,0
2006-10-18,6776.888333,638,,-0.11012373,0
2006-11-18,6875.678333,639,,0.014577487,1
2006-12-18,6879.31,640,,0.00052819,1
6/13/18,6315.7,641,,-0.081928275,0
6/14/18,6647.013333,642,,0.052458688,1
6/15/18,6637.41,643,,-0.001444759,0
6/16/18,6509.426667,644,,-0.01928212,0
6/17/18,6464.411667,645,,-0.006915356,0
6/18/18,6445.79,646,,-0.002880644,0
6/19/18,6737,647,,0.045178326,1
6/20/18,6714.718333,648,,-0.003307357,0
6/21/18,6760.83,649,,0.006867253,1
6/22/18,6332.573333,650,,-0.063343801,0
6/23/18,6141.605833,651,,-0.030156382,0
6/24/18,6170.46,652,,0.004698147,1
6/25/18,6211.4475,653,,0.006642536,1
6/26/18,6218.595,654,,0.001150698,1
6/27/18,6097.46,655,,-0.01947948,0
6/28/18,6107.896154,656,,0.001711558,1
6/29/18,5908.7025,657,,-0.032612482,0
6/30/18,6223.28,658,,0.053239692,1
2007-1-18,6374.754167,659,,0.024339925,1
2007-2-18,6466.069167,660,,0.014324474,1
2007-3-18,6626.44,661,,0.024801905,1
2007-4-18,6593.289167,662,,-0.005002812,0
2007-5-18,6603.376667,663,,0.001529965,1
2007-6-18,6555.51,664,,-0.007248817,0
2007-7-18,6594.281667,665,,0.005914363,1
2007-8-18,6753.559167,666,,0.024153882,1
2007-9-18,6724.04,667,,-0.004370905,0
2007-10-18,6510.791667,668,,-0.031714317,0
2007-11-18,6377.363333,669,,-0.020493412,0
2007-12-18,6403.18,670,,0.004048173,1
7/13/18,6244.3575,671,,-0.024803691,0
7/14/18,6241,672,,-0.000537685,0
7/15/18,6248.84,673,,0.001256209,1
7/16/18,6514.390833,674,,0.042496021,1
7/17/18,6869.910833,675,,0.054574558,1
7/18/18,7321.62,676,,0.065751824,1
7/19/18,7396.401667,677,,0.010213814,1
7/20/18,7428.045,678,,0.004278206,1
7/21/18,7334.99,679,,-0.012527522,0
7/22/18,7451.289167,680,,0.015855395,1
7/23/18,7689.884167,681,,0.032020634,1
7/24/18,7715.1,682,,0.003279091,1
7/25/18,8251.165,683,,0.069482573,1
7/26/18,8187.324167,684,,-0.00773719,0
7/27/18,7939.81,685,,-0.030231387,0
7/28/18,8182.251667,686,,0.030534946,1
7/29/18,8206.341667,687,,0.002944177,1
7/30/18,8220.91,688,,0.001775253,1
7/31/18,7916.800833,689,,-0.036992154,0
2008-1-18,7570.869167,690,,-0.043695891,0
2008-2-18,7607.7,691,,0.004864809,1
2008-3-18,7394.499167,692,,-0.028024348,0
2008-4-18,7247.769167,693,,-0.019843129,0
2008-5-18,7011.28,694,,-0.032629236,0
2008-6-18,6988.079167,695,,-0.003309072,0
2008-7-18,6993.513333,696,,0.000777634,1
2008-8-18,6718.23,697,,-0.039362667,0
2008-9-18,6396.7725,698,,-0.04784854,0
2008-10-18,6396.494667,699,,-4.34333E-05,0
2008-11-18,6138.96,700,,-0.040261843,0
2008-12-18,6311.131667,701,,0.028045739,1
8/13/18,6347.07,702,,0.005694436,1
8/14/18,6252.13,703,,-0.014958083,0
8/15/18,6362.676923,704,,0.017681482,1
8/16/18,6342.629231,705,,-0.003150827,0
8/17/18,6312.75,706,,-0.004710859,0
8/18/18,6436.720833,707,,0.019638166,1
8/19/18,6404.063333,708,,-0.005073624,0
8/20/18,6486.58,709,,0.012885049,1
8/21/18,6401.246154,710,,-0.013155445,0
8/22/18,6575.229167,711,,0.027179554,1
8/23/18,6354.57,712,,-0.03355916,0
8/24/18,6543.645714,713,,0.029754289,1
8/25/18,6719.429231,714,,0.026863239,1
8/26/18,6738.27,715,,0.002803924,1
8/27/18,6719.266154,716,,-0.002820286,0
8/28/18,7000.04,717,,0.041786386,1
8/29/18,7078.19,718,,0.011164222,1
8/30/18,6932.6625,719,,-0.020559988,0
8/31/18,6981.946154,720,,0.007108907,1
2009-1-18,7018.78,721,,0.005275584,1
2009-2-18,7247.935385,722,,0.032648891,1
2009-3-18,7260.949231,723,,0.001795525,1
2009-4-18,7265.08,724,,0.000568902,1
2009-5-18,7113.069231,725,,-0.020923482,0
2009-6-18,6433.271667,726,,-0.095570216,0
2009-7-18,6501.19,727,,0.010557355,1
2009-8-18,6366.1075,728,,-0.020778119,0
2009-9-18,6286.425833,729,,-0.012516544,0
2009-10-18,6240.98,730,,-0.007229201,0
2009-11-18,6296.320833,731,,0.008867331,1
2009-12-18,6273.1375,732,,-0.003682044,0
9/13/18,6326.04,733,,0.00843318,1
9/14/18,6499.0625,734,,0.027350839,1
9/15/18,6518.655,735,,0.003014666,1
9/16/18,6522.39,736,,0.000572971,1
9/17/18,6400.600833,737,,-0.018672475,0
9/18/18,6296.631667,738,,-0.016243657,0
9/19/18,6342.39,739,,0.007267113,1
9/20/18,6418.562667,740,,0.012010089,1
9/21/18,6669.990833,741,,0.039172036,1
9/22/18,6756.12,742,,0.012912936,1
9/23/18,6710.445,743,,-0.006760537,0
9/24/18,6639.304167,744,,-0.010601508,0
9/25/18,6583.45,745,,-0.008412654,0
9/26/18,6468.631667,746,,-0.01744045,0
9/27/18,6535.476667,747,,0.010333716,1
9/28/18,6686.08,748,,0.023043971,1
9/29/18,6550.474167,749,,-0.020281814,0
9/30/18,6593.135,750,,0.006512633,1
2010-1-18,6611.02,751,,0.00271267,1
2010-2-18,6562.641667,752,,-0.007317832,0
2010-3-18,6470.4025,753,,-0.014055189,0
2010-4-18,6483.73,754,,0.002059764,1
2010-5-18,6568.549167,755,,0.013081847,1
2010-6-18,6581.486667,756,,0.001969613,1
2010-7-18,6573.62,757,,-0.001195272,0
2010-8-18,6618.567692,758,,0.006837586,1
2010-9-18,6621.711667,759,,0.000475023,1
2010-10-18,6626.85,760,,0.000775983,1
2010-11-18,6248.635833,761,,-0.057072994,0
2010-12-18,6260.530833,762,,0.001903615,1
10/13/18,6247,763,,-0.002161292,0
10/14/18,6299.399167,764,,0.008387893,1
10/15/18,6452.571667,765,,0.024315414,1
10/16/18,6599.17,766,,0.022719365,1
10/17/18,6596.276154,767,,-0.000438517,0
10/18/18,6568.040769,768,,-0.004280504,0
10/19/18,6509.61,769,,-0.008896225,0
10/20/18,6488.825833,770,,-0.003192844,0
10/21/18,6531.601667,771,,0.00659223,1
10/22/18,6504.78,772,,-0.004106446,0
10/23/18,6481.426,773,,-0.003590283,0
10/24/18,6508.31,774,,0.004147853,1
10/25/18,6489.77,775,,-0.002848666,0
10/26/18,6473.753333,776,,-0.002467987,0
10/27/18,6465.9175,777,,-0.0012104,0
10/28/18,6457.21,778,,-0.001346677,0
10/29/18,6382.668333,779,,-0.011543943,0
10/30/18,6309.452857,780,,-0.011470982,0
10/31/18,6301.61,781,,-0.001243033,0
2011-1-18,6342.280833,782,,0.006454038,1
2011-2-18,6387.674167,783,,0.007157257,1
2011-3-18,6390.42,784,,0.000429864,1
2011-4-18,6391.873333,785,,0.000227424,1
2011-5-18,6436.965,786,,0.007054531,1
2011-6-18,6437.76,787,,0.000123505,1
2011-7-18,6538.79,788,,0.015693347,1
2011-8-18,6486.251667,789,,-0.008034871,0
2011-9-18,6444.97,790,,-0.006364487,0
2011-10-18,6399.033333,791,,-0.007127522,0
2011-11-18,6378.268333,792,,-0.003245021,0
2011-12-18,6408.53,793,,0.004744496,1
11/13/18,6372.063333,794,,-0.005690333,0
11/14/18,6176.155,795,,-0.030744882,0
11/15/18,5756.77,796,,-0.067903898,0
11/16/18,5596.1925,797,,-0.02789368,0
11/17/18,5558.243333,798,,-0.006781248,0
11/18/18,5572.44,799,,0.002554164,1
11/19/18,5303.9425,800,,-0.048183112,0
11/20/18,4671.97,801,,-0.119151461,0
11/21/18,4491.98,802,,-0.038525504,0
11/22/18,4548.7975,803,,0.012648654,1
11/23/18,4309.3375,804,,-0.052642484,0
11/24/18,4352.98,805,,0.010127427,1
11/25/18,3823.511667,806,,-0.121633532,0
11/26/18,3920.536667,807,,0.025375887,1
11/27/18,3793.35,808,,-0.032441137,0
11/28/18,4103.453846,809,,0.081749337,1
11/29/18,4263.783333,810,,0.039071839,1
11/30/18,4278.77,811,,0.003514875,1
2012-1-18,4116.7775,812,,-0.037859595,0
2012-2-18,4167.546667,813,,0.012332259,1
2012-3-18,4140.6,814,,-0.006465834,0
2012-4-18,3961.493333,815,,-0.043256211,0
2012-5-18,3858.349167,816,,-0.026036688,0
2012-6-18,3744.98,817,,-0.029382817,0
2012-7-18,3405.643333,818,,-0.090611076,0
2012-8-18,3435.34,819,,0.008719841,1
2012-9-18,3453.66,820,,0.005332805,1
2012-10-18,3523.96,821,,0.020355217,1
2012-11-18,3426.19,822,,-0.027744356,0
2012-12-18,3407.28,823,,-0.00551925,0
12/13/18,3406.7625,824,,-0.000151881,0
12/14/18,3278.374167,825,,-0.037686317,0
12/15/18,3242.42,826,,-0.010967072,0
12/16/18,3271.238333,827,,0.008887909,1
12/17/18,3392.405,828,,0.03704,1
12/18/18,3556.54,829,,0.048383079,1
12/19/18,3808.0425,830,,0.070715499,1
12/20/18,3982.850833,831,,0.045905037,1
12/21/18,4135.19,832,,0.038248775,1
12/22/18,3910.973333,833,,-0.054221612,0
12/23/18,4027.478333,834,,0.02978926,1
12/24/18,3995.17,835,,-0.008021976,0
12/25/18,3813.88,836,,-0.045377293,0
12/26/18,3825.379167,837,,0.003015084,1
12/27/18,3848.21,838,,0.005968254,1
12/28/18,3743.905,839,,-0.02710481,0
12/29/18,3912.285833,840,,0.044974654,1
12/30/18,3770.36,841,,-0.036276959,0
12/31/18,3791.545833,842,,0.005619048,1
2001-1-19,3752.271667,843,,-0.010358352,0
2001-2-19,3855.88,844,,0.027612162,1
2001-3-19,3865.7975,845,,0.002572046,1
2001-4-19,3822.626667,846,,-0.011167381,0
2001-5-19,3856.62,847,,0.008892664,1
2001-6-19,3920.456667,848,,0.016552491,1
2001-7-19,4036.093333,849,,0.029495713,1
2001-8-19,4032.25,850,,-0.000952241,0
2001-9-19,4034.138333,851,,0.000468308,1
2001-10-19,3812.585833,852,,-0.054919411,0
2001-11-19,3646.25,853,,-0.043628089,0
2001-12-19,3646.345833,854,,2.62826E-05,1
1/13/19,3599.841667,855,,-0.012753636,0
1/14/19,3531.96,856,,-0.018856848,0
1/15/19,3656.785,857,,0.035341567,1
1/16/19,3621.270833,858,,-0.009711855,0
1/17/19,3621.43,859,,4.39534E-05,1
1/18/19,3632.395,860,,0.003027809,1
1/19/19,3690.523333,861,,0.016002757,1
1/20/19,3703.98,862,,0.003646276,1
1/21/19,3548.4275,863,,-0.041996042,0
1/22/19,3540.02,864,,-0.002369359,0
1/23/19,3587.35,865,,0.013369981,1
1/24/19,3566.4,866,,-0.005839965,0
1/25/19,3586.25,867,,0.005565837,1
1/26/19,3577.79,868,,-0.00235901,0
1/27/19,3576.3,869,,-0.000416458,0
1/28/19,3554.5,870,,-0.006095685,0
1/29/19,3448.58,871,,-0.029798847,0
1/30/19,3421.6,872,,-0.00782351,0
1/31/19,3470,873,,0.014145429,1
2002-1-19,3444.81,874,,-0.007259366,0
2002-2-19,3475.33,875,,0.008859705,1
2002-3-19,3506.22,876,,0.008888365,1
2002-4-19,3456.02,877,,-0.014317413,0
2002-5-19,3452.35,878,,-0.001061915,0
2002-6-19,3467.34,879,,0.00434197,1
2002-7-19,3405.7,880,,-0.017777316,0
2002-8-19,3394.76,881,,-0.003212262,0
2002-9-19,3661.08,882,,0.078450318,1
2002-10-19,3664.38,883,,0.000901373,1
2002-11-19,3686.29,884,,0.005979183,1
2002-12-19,3629.47,885,,-0.015413871,0
2/13/19,3632.42,886,,0.000812791,1
2/14/19,3614.5,887,,-0.00493335,0
2/15/19,3600.31,888,,-0.003925854,0
2/16/19,3608.2,889,,0.002191478,1
2/17/19,3619.55,890,,0.003145613,1
2/18/19,3670.74,891,,0.014142642,1
2/19/19,3910.8,892,,0.065398258,1
2/20/19,3926.53,893,,0.004022195,1
2/21/19,3987.18,894,,0.015446208,1
2/22/19,3944.88,895,,-0.010609002,0
2/23/19,3983.48,896,,0.009784835,1
2/24/19,4139.6,897,,0.039191862,1
2/25/19,3766.89,898,,-0.090035269,0
2/26/19,3848.33,899,,0.021619957,1
2/27/19,3831.45,900,,-0.004386318,0
2/28/19,3833.23,901,,0.000464576,1
2003-1-19,3850.08,902,,0.004395771,1
2003-2-19,3834.62,903,,-0.004015501,0
2003-3-19,3831.44,904,,-0.000829287,0
2003-4-19,3814.58,905,,-0.004400434,0
2003-5-19,3730.98,906,,-0.021915912,0
2003-6-19,3872.25,907,,0.037864046,1
2003-7-19,3876.85,908,,0.00118794,1
2003-8-19,3886.82,909,,0.002571675,1
2003-9-19,3875.96,910,,-0.002794058,0
2003-10-19,3950.56,911,,0.019246845,1
2003-11-19,3928.17,912,,-0.005667551,0
2003-12-19,3881.09,913,,-0.011985225,0
3/13/19,3892.51,914,,0.002942472,1
3/14/19,3877.77,915,,-0.00378676,0
3/15/19,3885.21,916,,0.001918628,1
3/16/19,3936.5,917,,0.013201346,1
3/17/19,4015.95,918,,0.020182904,1
3/18/19,3994.92,919,,-0.005236619,0
3/19/19,3998.77,920,,0.000963724,1
3/20/19,4029.11,921,,0.007587333,1
3/21/19,4056.4,922,,0.006773208,1
3/22/19,3992.34,923,,-0.015792328,0
3/23/19,3999.06,924,,0.001683223,1
3/24/19,4011.92,925,,0.003215756,1
3/25/19,3994.11,926,,-0.004439271,0
3/26/19,3935.89,927,,-0.014576464,0
3/27/19,3947.74,928,,0.003010755,1
3/28/19,4048.51,929,,0.025525997,1
3/29/19,4037.37,930,,-0.00275163,0
3/30/19,4115.55,931,,0.019364091,1
3/31/19,4114.44,932,,-0.000269709,0
2004-1-19,4114.16,933,,-6.8053E-05,0
2004-2-19,4152.53,934,,0.009326327,1
2004-3-19,4882.88,935,,0.175880728,1
2004-4-19,4959.81,936,,0.015755046,1
2004-5-19,4911.24,937,,-0.009792714,0
2004-6-19,5028.77,938,,0.02393082,1
2004-7-19,5053.52,939,,0.004921681,1
2004-8-19,5189.39,940,,0.02688621,1
2004-9-19,5268.71,941,,0.015285034,1
2004-10-19,5175.81,942,,-0.0176324,0
2004-11-19,5310.18,943,,0.025961154,1
2004-12-19,5035.02,944,,-0.051817453,0
4/13/19,5072.85,945,,0.007513376,1
4/14/19,5064.62,946,,-0.001622362,0
4/15/19,5152.51,947,,0.017353721,1
4/16/19,5036.18,948,,-0.022577346,0
4/17/19,5196.65,949,,0.031863436,1
4/18/19,5220.37,950,,0.004564479,1
4/19/19,5276.31,951,,0.010715716,1
4/20/19,5277.04,952,,0.000138354,1
4/21/19,5309.28,953,,0.006109486,1
4/22/19,5281.83,954,,-0.005170193,0
4/23/19,5377.19,955,,0.018054349,1
4/24/19,5518.16,956,,0.026216295,1
4/25/19,5434.19,957,,-0.015217029,0
4/26/19,5195.61,958,,-0.043903507,0
4/27/19,5292.83,959,,0.018711951,1
4/28/19,5280.19,960,,-0.002388136,0
4/29/19,5301.29,961,,0.003996068,1
4/30/19,5260.65,962,,-0.007666059,0
2005-1-19,5269.79,963,,0.001737428,1
2005-2-19,5326.67,964,,0.010793599,1
2005-3-19,5390.16,965,,0.011919267,1
2005-4-19,5657.14,966,,0.049530997,1
2005-5-19,5771.08,967,,0.020140919,1
2005-6-19,5717.66,968,,-0.0092565,0
2005-7-19,5684.47,969,,-0.005804822,0
2005-8-19,5755.72,970,,0.01253415,1
2005-9-19,5936.72,971,,0.031446978,1
2005-10-19,6146.91,972,,0.035405072,1
2005-11-19,6348.02,973,,0.032717251,1
2005-12-19,7248.31,974,,0.141822174,1
5/13/19,6978.63,975,,-0.037205914,0
5/14/19,7823.11,976,,0.121009424,1
5/15/19,7992.69,977,,0.021676801,1
5/16/19,8206.9,978,,0.026800739,1
5/17/19,7885.96,979,,-0.039106118,0
5/18/19,7362.22,980,,-0.066414235,0
5/19/19,7265.05,981,,-0.013198465,0
5/20/19,8193.7,982,,0.12782431,1
5/21/19,8007.03,983,,-0.022782137,0
5/22/19,7952.5,984,,-0.006810265,0
5/23/19,7625.93,985,,-0.041065074,0
5/24/19,7880.29,986,,0.03335462,1
5/25/19,8003.26,987,,0.015604756,1
5/26/19,8071.45,988,,0.008520278,1
5/27/19,8744.42,989,,0.083376593,1
5/28/19,8770.06,990,,0.002932156,1
5/29/19,8719.88,991,,-0.00572174,0
5/30/19,8662.98,992,,-0.006525319,0
5/31/19,8272.46,993,,-0.045079176,0
2006-1-19,8553.81,994,,0.034010439,1
2006-2-19,8554.8,995,,0.000115738,1
2006-3-19,8739.03,996,,0.021535278,1
2006-4-19,8134.92,997,,-0.069127809,0
2006-5-19,7675.8,998,,-0.05643817,0
2006-6-19,7786.04,999,,0.014362021,1
2006-7-19,7803.23,1000,,0.002207798,1
2006-8-19,7998.29,1001,,0.024997341,1
2006-9-19,7931.34,1002,,-0.008370539,0
2006-10-19,7640.61,1003,,-0.036655849,0
2006-11-19,8020.38,1004,,0.049704147,1
2006-12-19,7917.58,1005,,-0.012817348,0
6/13/19,8173.06,1006,,0.032267435,1
6/14/19,8237.88,1007,,0.007930934,1
6/15/19,8693.6,1008,,0.055320058,1
6/16/19,8859.47,1009,,0.019079553,1
6/17/19,8978.99,1010,,0.013490649,1
6/18/19,9327.48,1011,,0.038811715,1
6/19/19,9076.18,1012,,-0.026941896,0
6/20/19,9281.7,1013,,0.022643888,1
6/21/19,9531.35,1014,,0.026897012,1
6/22/19,10209.38,1015,,0.071136827,1
6/23/19,10668.63,1016,,0.044983143,1
6/24/19,10814.48,1017,,0.013670921,1
6/25/19,11017.5,1018,,0.018772978,1
6/26/19,11766.4,1019,,0.067973678,1
6/27/19,12932.55,1020,,0.099108478,1
6/28/19,11132.85,1021,,-0.13916049,0
6/29/19,12374.35,1022,,0.111516817,1
6/30/19,11890.38,1023,,-0.039110741,0
2007-1-19,10737.73,1024,,-0.096939711,0
2007-2-19,10578.72,1025,,-0.01480853,0
2007-3-19,10805.4,1026,,0.021427923,1
2007-4-19,11984.76,1027,,0.109145427,1
2007-5-19,11160.49,1028,,-0.068776513,0
2007-6-19,10955.16,1029,,-0.018397938,0
2007-7-19,11232.04,1030,,0.025273935,1
2007-8-19,11477.01,1031,,0.021809929,1
2007-9-19,12313.08,1032,,0.072847371,1
2007-10-19,12586.78,1033,,0.022228395,1
2007-11-19,12099.9,1034,,-0.038681855,0
2007-12-19,11352.87,1035,,-0.061738527,0
7/13/19,11803.97,1036,,0.039734446,1
7/14/19,11389.1,1037,,-0.03514665,0
7/15/19,10186.96,1038,,-0.1055518,0
7/16/19,10873.5,1039,,0.067394002,1
7/17/19,9397.72,1040,,-0.135722628,0
7/18/19,9674.28,1041,,0.029428415,1
7/19/19,10638.56,1042,,0.099674601,1
7/20/19,10535.75,1043,,-0.009663902,0
7/21/19,10764.9,1044,,0.021749757,1
7/22/19,10587.41,1045,,-0.016487845,0
7/23/19,10323.62,1046,,-0.024915442,0
7/24/19,9844.3,1047,,-0.04642945,0
7/25/19,9772.17,1048,,-0.007327083,0
7/26/19,9875.17,1049,,0.010540136,1
7/27/19,9848.65,1050,,-0.002685523,0
7/28/19,9473.99,1051,,-0.038041762,0
7/29/19,9530,1052,,0.005911976,1
7/30/19,9501.33,1053,,-0.003008395,0
7/31/19,9589.13,1054,,0.009240812,1
2008-1-19,10084.7,1055,,0.051680392,1
2008-2-19,10407.17,1056,,0.031976162,1
2008-3-19,10529.55,1057,,0.011759201,1
2008-4-19,10814.57,1058,,0.027068583,1
2008-5-19,10980.23,1059,,0.015318223,1
2008-6-19,11787.99,1060,,0.073564944,1
2008-7-19,11465.67,1061,,-0.027343084,0
2008-8-19,11960.82,1062,,0.04318544,1
2008-9-19,11996.41,1063,,0.002975548,1
2008-10-19,11856.64,1064,,-0.011650986,0
2008-11-19,11282.22,1065,,-0.048447115,0
2008-12-19,11566.84,1066,,0.025227305,1
8/13/19,11386.26,1067,,-0.01561187,0
8/14/19,10858.12,1068,,-0.046383975,0
8/15/19,10016.96,1069,,-0.077468291,0
8/16/19,10302.17,1070,,0.02847271,1
8/17/19,10359.44,1071,,0.005559023,1
8/18/19,10214.52,1072,,-0.013989173,0
8/19/19,10317.6,1073,,0.010091517,1
8/20/19,10917.26,1074,,0.058120105,1
8/21/19,10760.56,1075,,-0.014353418,0
8/22/19,10129.4,1076,,-0.05865494,0
8/23/19,10111.98,1077,,-0.001719746,0
8/24/19,10405.81,1078,,0.029057613,1
8/25/19,10143.8,1079,,-0.025179203,0
8/26/19,10135.06,1080,,-0.00086161,0
8/27/19,10360.28,1081,,0.022221871,1
8/28/19,10171.95,1082,,-0.01817808,0
8/29/19,9717.82,1083,,-0.044645324,0
8/30/19,9484.55,1084,,-0.024004355,0
8/31/19,9577.99,1085,,0.009851812,1
2009-1-19,9600.9,1086,,0.002391942,1
2009-2-19,9769.79,1087,,0.017591059,1
2009-3-19,10386.64,1088,,0.063138512,1
2009-4-19,10621.29,1089,,0.022591521,1
2009-5-19,10584.16,1090,,-0.003495809,0
2009-6-19,10577.8,1091,,-0.000600898,0
2009-7-19,10317.47,1092,,-0.024610978,0
2009-8-19,10487.21,1093,,0.016451708,1
2009-9-19,10406.31,1094,,-0.007714158,0
2009-10-19,10313.66,1095,,-0.008903252,0
2009-11-19,10101.03,1096,,-0.020616348,0
2009-12-19,10159.32,1097,,0.005770699,1
9/13/19,10420.16,1098,,0.025674947,1
9/14/19,10363.9,1099,,-0.005399149,0
9/15/19,10361.33,1100,,-0.000247976,0
9/16/19,10310.43,1101,,-0.004912497,0
9/17/19,10265.63,1102,,-0.004345115,0
9/18/19,10190.36,1103,,-0.007332234,0
9/19/19,10157.59,1104,,-0.003215784,0
9/20/19,10275.88,1105,,0.011645479,1
9/21/19,10173.11,1106,,-0.01000109,0
9/22/19,9979.49,1107,,-0.019032528,0
9/23/19,10033.05,1108,,0.005367008,1
9/24/19,9683.38,1109,,-0.034851815,0
9/25/19,8553.61,1110,,-0.116671038,0
9/26/19,8432.23,1111,,-0.0141905,0
9/27/19,8055.64,1112,,-0.044660784,0
9/28/19,8193.9,1113,,0.01716313,1
9/29/19,8225,1114,,0.003795506,1
9/30/19,8056.74,1115,,-0.020457143,0
2010-1-19,8307.74,1116,,0.03115404,1
2010-2-19,8322.92,1117,,0.001827212,1
2010-3-19,8382.03,1118,,0.007102075,1
2010-4-19,8236.17,1119,,-0.017401513,0
2010-5-19,8155.48,1120,,-0.009797029,0
2010-6-19,8147.69,1121,,-0.000955186,0
2010-7-19,7869.74,1122,,-0.034113964,0
2010-8-19,8212.02,1123,,0.043493178,1
2010-9-19,8190,1124,,-0.002681435,0
2010-10-19,8587.92,1125,,0.048586081,1
2010-11-19,8586.9,1126,,-0.000118771,0
2010-12-19,8269.73,1127,,-0.036936496,0
10/13/19,8308.01,1128,,0.00462893,1
10/14/19,8283.76,1129,,-0.00291887,0
10/15/19,8353.54,1130,,0.008423711,1
10/16/19,8162.16,1131,,-0.022910048,0
10/17/19,8002.51,1132,,-0.019559773,0
10/18/19,8076.78,1133,,0.009280838,1
10/19/19,7954.15,1134,,-0.015183031,0
10/20/19,7960.04,1135,,0.000740494,1
10/21/19,8231.06,1136,,0.034047568,1
10/22/19,8222.52,1137,,-0.001037533,0
10/23/19,8026.76,1138,,-0.023807786,0
10/24/19,7469.56,1139,,-0.069417797,0
10/25/19,7431.88,1140,,-0.005044474,0
10/26/19,8666.79,1141,,0.166163878,1
10/27/19,9259.8,1142,,0.068423257,1
10/28/19,9551.54,1143,,0.03150608,1
10/29/19,9218.76,1144,,-0.034840455,0
10/30/19,9433.35,1145,,0.023277534,1
10/31/19,9164.62,1146,,-0.028487229,0
2011-1-19,9147.98,1147,,-0.001815678,0
2011-2-19,9252.99,1148,,0.011479037,1
2011-3-19,9301.18,1149,,0.005208046,1
2011-4-19,9206.16,1150,,-0.010215908,0
2011-5-19,9418.05,1151,,0.023016111,1
2011-6-19,9310.19,1152,,-0.011452477,0
2011-7-19,9343.34,1153,,0.003560615,1
2011-8-19,9204.24,1154,,-0.01488761,0
2011-9-19,8766.04,1155,,-0.047608493,0
2011-10-19,8809.41,1156,,0.004947502,1
2011-11-19,9037.12,1157,,0.025848496,1
2011-12-19,8717.81,1158,,-0.035333159,0
11/13/19,8801.52,1159,,0.009602182,1
11/14/19,8762.42,1160,,-0.004442414,0
11/15/19,8632.32,1161,,-0.014847496,0
11/16/19,8457.69,1162,,-0.020229788,0
11/17/19,8482.7,1163,,0.002957072,1
11/18/19,8503.93,1164,,0.002502741,1
11/19/19,8175.99,1165,,-0.038563347,0
11/20/19,8120.8,1166,,-0.006750253,0
11/21/19,8081.81,1167,,-0.004801251,0
11/22/19,7617.07,1168,,-0.057504445,0
11/23/19,7286.35,1169,,-0.04341827,0
11/24/19,7324.03,1170,,0.005171313,1
11/25/19,6907.4,1171,,-0.056885349,0
11/26/19,7130.25,1172,,0.032262501,1
11/27/19,7163.63,1173,,0.004681463,1
11/28/19,7523.83,1174,,0.050281771,1
11/29/19,7431,1175,,-0.012338131,0
11/30/19,7757.47,1176,,0.043933522,1
2012-1-19,7557.72,1177,,-0.025749374,0
2012-2-19,7402.69,1178,,-0.0205128,0
2012-3-19,7309.59,1179,,-0.012576509,0
2012-4-19,7296.77,1180,,-0.00175386,0
2012-5-19,7192.85,1181,,-0.014241918,0
2012-6-19,7395.97,1182,,0.028239154,1
2012-7-19,7547.19,1183,,0.02044627,1
2012-8-19,7504.83,1184,,-0.005612685,0
2012-9-19,7522.39,1185,,0.002339826,1
2012-10-19,7337.42,1186,,-0.02458926,0
2012-11-19,7220.76,1187,,-0.015899322,0
2012-12-19,7202.31,1188,,-0.002555133,0
12/13/19,7189.16,1189,,-0.001825803,0
12/14/19,7251.87,1190,,0.008722855,1
12/15/19,7067.74,1191,,-0.025390692,0
12/16/19,7111.14,1192,,0.006140577,1
12/17/19,6879.54,1193,,-0.032568618,0
12/18/19,6612.12,1194,,-0.038871785,0
12/19/19,7284.29,1195,,0.10165726,1
12/20/19,7150.86,1196,,-0.018317502,0
12/21/19,7190.17,1197,,0.005497241,1
12/22/19,7143.2,1198,,-0.00653253,0
12/23/19,7514.41,1199,,0.051966906,1
12/24/19,7322.08,1200,,-0.025594824,0
12/25/19,7250.69,1201,,-0.009749962,0
12/26/19,7192.72,1202,,-0.007995101,0
12/27/19,7194.4,1203,,0.000233569,1
12/28/19,7243.93,1204,,0.006884521,1
12/29/19,7301.07,1205,,0.007887983,1
12/30/19,7385.36,1206,,0.011544883,1
12/31/19,7219.6,1207,,-0.022444404,0
2001-1-20,7168.31,1208,,-0.007104272,0
2001-2-20,7175.68,1209,,0.001028136,1
2001-3-20,6944.33,1210,,-0.032240847,0
2001-4-20,7326.35,1211,,0.055011787,1
2001-5-20,7347.89,1212,,0.002940072,1
2001-6-20,7351.57,1213,,0.000500824,1
2001-7-20,7759.24,1214,,0.055453461,1
2001-8-20,8165.47,1215,,0.052354354,1
2001-9-20,8042.65,1216,,-0.015041388,0
2001-10-20,7817.92,1217,,-0.027942283,0
2001-11-20,8184.66,1218,,0.046910176,1
2001-12-20,8021.49,1219,,-0.019936076,0
1/13/20,8173.97,1220,,0.019008937,1
1/14/20,8105.24,1221,,-0.008408399,0
1/15/20,8842.42,1222,,0.090951039,1
1/16/20,8813.89,1223,,-0.003226492,0
1/17/20,8722.03,1224,,-0.010422186,0
1/18/20,8900.34,1225,,0.020443635,1
1/19/20,8910.85,1226,,0.001180854,1
1/20/20,8703.36,1227,,-0.023285096,0
1/21/20,8626.47,1228,,-0.008834519,0
1/22/20,8722.26,1229,,0.011104194,1
1/23/20,8658.94,1230,,-0.007259586,0
1/24/20,8388.11,1231,,-0.0312775,0
1/25/20,8428.17,1232,,0.004775808,1
1/26/20,8327.36,1233,,-0.011961078,0
1/27/20,8588.42,1234,,0.031349671,1
1/28/20,8895.78,1235,,0.035787723,1
1/29/20,9385.69,1236,,0.05507218,1
1/30/20,9279.81,1237,,-0.011281003,0
1/31/20,9502.37,1238,,0.02398325,1
2002-1-20,9333.77,1239,,-0.017742942,0
2002-2-20,9378.09,1240,,0.004748349,1
2002-3-20,9314.56,1241,,-0.006774301,0
2002-4-20,9162.14,1242,,-0.016363629,0
2002-5-20,9162.14,1243,,0,1
2002-6-20,9614.9,1244,,0.049416403,1
2002-7-20,9755.66,1245,,0.014639778,1
2002-8-20,9807.54,1246,,0.005317939,1
2002-9-20,9907.12,1247,,0.010153413,1
2002-10-20,10162.41,1248,,0.025768336,1
2002-11-20,9854.79,1249,,-0.030270379,0
2002-12-20,10275.38,1250,,0.042678738,1
2/13/20,10354.3,1251,,0.007680495,1
2/14/20,10242.43,1252,,-0.010804207,0
2/15/20,10368.53,1253,,0.012311532,1
2/16/20,9904.17,1254,,-0.044785519,0
2/17/20,9937.67,1255,,0.003382414,1
2/18/20,9703.93,1256,,-0.023520604,0
2/19/20,10180.65,1257,,0.049126488,1
2/20/20,9604.72,1258,,-0.056571044,0
2/21/20,9606.86,1259,,0.000222807,1
2/22/20,9696.58,1260,,0.00933916,1
2/23/20,9669.63,1261,,-0.00277933,0
2/24/20,9989.39,1262,,0.033068483,1
2/25/20,9663.75,1263,,-0.032598587,0
2/26/20,9309.15,1264,,-0.03669383,0
2/27/20,8785.52,1265,,-0.056248959,0
2/28/20,8804.72,1266,,0.002185414,1
2/29/20,8712.35,1267,,-0.010490964,0
2003-1-20,8534.17,1268,,-0.020451428,0
2003-2-20,8912.82,1269,,0.044368697,1
2003-3-20,8912.82,1270,,0,1
2003-4-20,8754.34,1271,,-0.017781129,0
2003-5-20,8758.9,1272,,0.000520884,1
2003-6-20,9067.39,1273,,0.035220176,1
2003-7-20,9155.89,1274,,0.009760251,1
2003-8-20,8898.63,1275,,-0.02809776,0
2003-9-20,8039.38,1276,,-0.096559808,0
2003-10-20,7931.94,1277,,-0.013364215,0
2003-11-20,7885.46,1278,,-0.005859853,0
2003-12-20,7936.65,1279,,0.006491695,1
3/13/20,4830.21,1280,,-0.391404434,0
3/14/20,5609.03,1281,,0.161239366,1
3/15/20,5166.26,1282,,-0.078938783,0
3/16/20,5348.44,1283,,0.035263421,1
3/17/20,5026.35,1284,,-0.060221298,0
3/18/20,5357.61,1285,,0.065904682,1
3/19/20,5410.23,1286,,0.009821544,1
3/20/20,6195.2,1287,,0.14508995,1
3/21/20,6226.44,1288,,0.005042614,1
3/22/20,6189.85,1289,,-0.005876552,0
3/23/20,5822.62,1290,,-0.05932777,0
3/24/20,6502.16,1291,,0.116706912,1
3/25/20,6768.49,1292,,0.040960235,1
3/26/20,6698.46,1293,,-0.010346473,0
3/27/20,6763.75,1294,,0.009747016,1
3/28/20,6369.09,1295,,-0.058349288,0
3/29/20,6260.95,1296,,-0.016978878,0
3/30/20,5885.41,1297,,-0.059981313,0
3/31/20,6405.29,1298,,0.088333693,1
2004-1-20,6428.28,1299,,0.003589221,1
2004-2-20,6652.87,1300,,0.034937806,1
2004-3-20,6809.11,1301,,0.023484601,1
2004-4-20,6741.67,1302,,-0.009904378,0
2004-5-20,6871.69,1303,,0.019286023,1
2004-6-20,6777.44,1304,,-0.013715694,0
2004-7-20,7343.2,1305,,0.083476947,1
2004-8-20,7205.55,1306,,-0.018745234,0
2004-9-20,7365.03,1307,,0.022132939,1
2004-10-20,7293.69,1308,,-0.009686315,0
2004-11-20,6873.24,1309,,-0.057645718,0
2004-12-20,6891.6,1310,,0.002671229,1
4/13/20,6915.37,1311,,0.003449126,1
4/14/20,6857.66,1312,,-0.008345179,0
4/15/20,6871.95,1313,,0.002083801,1
4/16/20,6623.8,1314,,-0.036110565,0
4/17/20,7112.27,1315,,0.073744678,1
4/18/20,7034.89,1316,,-0.010879789,0
4/19/20,7259.36,1317,,0.031908104,1
4/20/20,7130.04,1318,,-0.017814243,0
4/21/20,6840.24,1319,,-0.040644933,0
4/22/20,6852.52,1320,,0.001795259,1
4/23/20,7130.99,1321,,0.040637605,1
4/24/20,7477.6,1322,,0.048606154,1
4/25/20,7507.08,1323,,0.003942441,1
4/26/20,7549.52,1324,,0.00565333,1
4/27/20,7699.27,1325,,0.019835698,1
4/28/20,7790.66,1326,,0.011869957,1
4/29/20,7765.33,1327,,-0.003251329,0
4/30/20,8777.63,1328,,0.130361491,1
2005-1-20,8628.77,1329,,-0.01695902,0
2005-2-20,8824.66,1330,,0.022701961,1
2005-3-20,8973.82,1331,,0.016902634,1
2005-4-20,8903.95,1332,,-0.007785982,0
2005-5-20,8885.93,1333,,-0.002023821,0
2005-6-20,9030.96,1334,,0.016321308,1
2005-7-20,9170.79,1335,,0.015483404,1
2005-8-20,10002.48,1336,,0.090689025,1
2005-9-20,9821.8,1337,,-0.01806352,0
2005-10-20,9527.39,1338,,-0.029975157,0
2005-11-20,8754.46,1339,,-0.08112715,0
2005-12-20,8617.25,1340,,-0.015673154,0
5/13/20,8814.53,1341,,0.022893615,1
5/14/20,9305.93,1342,,0.05574886,1
5/15/20,9790.31,1343,,0.052050682,1
5/16/20,9303.59,1344,,-0.049714463,0
5/17/20,9385.7,1345,,0.008825625,1
5/18/20,9669.4,1346,,0.030226834,1
5/19/20,9719.37,1347,,0.005167849,1
5/20/20,9785.74,1348,,0.006828632,1
5/21/20,9510.67,1349,,-0.028109269,0
5/22/20,9057.57,1350,,-0.047641228,0
5/23/20,9167.26,1351,,0.012110312,1
5/24/20,9178.32,1352,,0.001206467,1
5/25/20,8730.73,1353,,-0.048766005,0
5/26/20,8899.66,1354,,0.019348898,1
5/27/20,8842.85,1355,,-0.00638339,0
5/28/20,9197.54,1356,,0.040110372,1
5/29/20,9569.21,1357,,0.040409718,1
5/30/20,9425.98,1358,,-0.014967798,0
5/31/20,9698.1,1359,,0.028869147,1
2006-1-20,9450.84,1360,,-0.025495716,0
2006-2-20,10204.23,1361,,0.079716724,1
2006-3-20,9525.57,1362,,-0.066507713,0
2006-4-20,9658.04,1363,,0.013906779,1
2006-5-20,9794.56,1364,,0.014135373,1
2006-6-20,9623.75,1365,,-0.017439272,0
2006-7-20,9670.43,1366,,0.0048505,1
2006-8-20,9753.85,1367,,0.008626297,1
2006-9-20,9782.59,1368,,0.002946529,1
2006-10-20,9775.15,1369,,-0.000760535,0
2006-11-20,9892.13,1370,,0.01196708,1
2006-12-20,9286.42,1371,,-0.061231504,0
6/13/20,9459.97,1372,,0.01868858,1
6/14/20,9473.5,1373,,0.001430237,1
6/15/20,9330.07,1374,,-0.015140128,0
6/16/20,9426.7,1375,,0.010356835,1
6/17/20,9526,1376,,0.010533909,1
6/18/20,9454.81,1377,,-0.007473231,0
6/19/20,9380.03,1378,,-0.007909202,0
6/20/20,9300.15,1379,,-0.008515964,0
6/21/20,9357.43,1380,,0.00615904,1
6/22/20,9284.78,1381,,-0.007763884,0
6/23/20,9691.9,1382,,0.043848104,1
6/24/20,9621.49,1383,,-0.007264829,0
6/25/20,9276.58,1384,,-0.035847878,0
6/26/20,9240.85,1385,,-0.003851635,0
6/27/20,9154.45,1386,,-0.009349789,0
6/28/20,9004.23,1387,,-0.016409506,0
6/29/20,9127.47,1388,,0.0136869,1
6/30/20,9185.35,1389,,0.006341297,1
2007-1-20,9133.97,1390,,-0.00559369,0
2007-2-20,9236.38,1391,,0.011211992,1
2007-3-20,9087.98,1392,,-0.016066901,0
2007-4-20,9072.42,1393,,-0.001712152,0
2007-5-20,9131.31,1394,,0.006491102,1
2007-6-20,9089.09,1395,,-0.004623652,0
2007-7-20,9348.91,1396,,0.02858592,1
2007-8-20,9256.23,1397,,-0.009913455,0
2007-9-20,9440.07,1398,,0.019861218,1
2007-10-20,9238.04,1399,,-0.021401324,0
2007-11-20,9287.4,1400,,0.005343125,1
2007-12-20,9235.96,1401,,-0.005538687,0
7/13/20,9295.9,1402,,0.006489851,1
7/14/20,9238.13,1403,,-0.006214568,0
7/15/20,9254.52,1404,,0.001774169,1
7/16/20,9193.51,1405,,-0.006592454,0
7/17/20,9131,1406,,-0.006799362,0
7/18/20,9154.19,1407,,0.0025397,1
7/19/20,9174.71,1408,,0.002241596,1
7/20/20,9214.66,1409,,0.004354361,1
7/21/20,9163.87,1410,,-0.005511869,0
7/22/20,9392.66,1411,,0.024966526,1
7/23/20,9537.4,1412,,0.015409905,1
7/24/20,9613.11,1413,,0.007938222,1
7/25/20,9551.28,1414,,-0.006431842,0
7/26/20,9707.5,1415,,0.016355923,1
7/27/20,9938.83,1416,,0.023830028,1
7/28/20,11042.4,1417,,0.111036208,1
7/29/20,10934.94,1418,,-0.00973158,0
7/30/20,11102.67,1419,,0.015338904,1
7/31/20,11114.93,1420,,0.001104239,1
2008-1-20,11343.88,1421,,0.02059842,1
2008-2-20,11823.69,1422,,0.042296816,1
2008-3-20,11077.77,1423,,-0.063086904,0
2008-4-20,11242.57,1424,,0.01487664,1
2008-5-20,11194.25,1425,,-0.00429795,0
2008-6-20,11750.28,1426,,0.049671036,1
2008-7-20,11772.94,1427,,0.001928465,1
2008-8-20,11605.6,1428,,-0.014213952,0
2008-9-20,11767.6,1429,,0.013958779,1
2008-10-20,11684.06,1430,,-0.007099154,0
2008-11-20,11893.03,1431,,0.01788505,1
2008-12-20,11392.43,1432,,-0.042091881,0
8/13/20,11573.11,1433,,0.015859654,1
8/14/20,11777.43,1434,,0.017654719,1
8/15/20,11774.38,1435,,-0.00025897,0
8/16/20,11873.98,1436,,0.008459044,1
8/17/20,11914.01,1437,,0.003371237,1
8/18/20,12293.72,1438,,0.031870881,1
8/19/20,11969.53,1439,,-0.026370374,0
8/20/20,11734,1440,,-0.019677464,0
8/21/20,11865.82,1441,,0.011234021,1
8/22/20,11522.8,1442,,-0.028908242,0
8/23/20,11683.44,1443,,0.013941056,1
8/24/20,11653.02,1444,,-0.002603685,0
8/25/20,11763.93,1445,,0.009517704,1
8/26/20,11337.4,1446,,-0.036257441,0
8/27/20,11467.37,1447,,0.011463828,1
8/28/20,11302.01,1448,,-0.014420046,0
8/29/20,11534.75,1449,,0.020592797,1
8/30/20,11481.64,1450,,-0.004604348,0
8/31/20,11707.78,1451,,0.019695793,1
2009-1-20,11659.57,1452,,-0.004117775,0
2009-2-20,11923.25,1453,,0.022614899,1
2009-3-20,11397.44,1454,,-0.044099553,0
2009-4-20,10187.51,1455,,-0.10615805,0
2009-5-20,10467.89,1456,,0.027521936,1
2009-6-20,10159.62,1457,,-0.029449106,0
2009-7-20,10254.93,1458,,0.009381256,1
2009-8-20,10367.74,1459,,0.011000563,1
2009-9-20,10121.52,1460,,-0.023748667,0
2009-10-20,10227.83,1461,,0.010503363,1
2009-11-20,10352.66,1462,,0.012204935,1
2009-12-20,10395.44,1463,,0.004132271,1
9/13/20,10446.44,1464,,0.004905997,1
9/14/20,10330.77,1465,,-0.011072672,0
9/15/20,10674.64,1466,,0.033285999,1
9/16/20,10785.62,1467,,0.010396604,1
9/17/20,10948.43,1468,,0.015095099,1
9/18/20,10943.89,1469,,-0.000414671,0
9/19/20,10931.79,1470,,-0.00110564,0
9/20/20,11081.43,1471,,0.013688518,1
9/21/20,10919.65,1472,,-0.014599199,0
9/22/20,10430.46,1473,,-0.044799055,0
9/23/20,10532.22,1474,,0.009756041,1
9/24/20,10234.48,1475,,-0.028269444,0
9/25/20,10732.43,1476,,0.048654157,1
9/26/20,10692.84,1477,,-0.00368882,0
9/27/20,10732.4,1478,,0.003699672,1
9/28/20,10774.24,1479,,0.003898476,1
9/29/20,10692.33,1480,,-0.007602392,0
9/30/20,10840.8,1481,,0.013885654,1
2010-1-20,10777.92,1482,,-0.00580031,0
2010-2-20,10619.24,1483,,-0.014722692,0
2010-3-20,10575.06,1484,,-0.004160373,0
2010-4-20,10551.77,1485,,-0.002202352,0
2010-5-20,10673.46,1486,,0.011532662,1
2010-6-20,10788.56,1487,,0.010783757,1
2010-7-20,10603.74,1488,,-0.017131109,0
2010-8-20,10670.8,1489,,0.006324184,1
2010-9-20,10923.3,1490,,0.023662706,1
2010-10-20,11063.19,1491,,0.012806569,1
2010-11-20,11302.67,1492,,0.021646559,1
2010-12-20,11376.61,1493,,0.006541817,1
10/13/20,11540.04,1494,,0.014365439,1
10/14/20,11428.24,1495,,-0.009688008,0
10/15/20,11431.32,1496,,0.000269508,1
10/16/20,11503.73,1497,,0.006334352,1
10/17/20,11327.57,1498,,-0.015313294,0
10/18/20,11366.51,1499,,0.00343763,1
10/19/20,11508.2,1500,,0.012465568,1
10/20/20,11758.16,1501,,0.021720165,1
10/21/20,11925.46,1502,,0.014228417,1
10/22/20,12831.56,1503,,0.075980298,1
10/23/20,12990.25,1504,,0.012367163,1
10/24/20,12944.52,1505,,-0.003520333,0
10/25/20,13128.46,1506,,0.014209874,1
10/26/20,13036.77,1507,,-0.006984064,0
10/27/20,13076.37,1508,,0.003037562,1
10/28/20,13651.47,1509,,0.043980095,1
10/29/20,13289,1510,,-0.026551719,0
10/30/20,13458.66,1511,,0.01276695,1
10/31/20,13564.72,1512,,0.007880428,1
2011-1-20,13810.32,1513,,0.018105792,1
2011-2-20,13758.88,1514,,-0.003724751,0
2011-3-20,13575.17,1515,,-0.013352104,0
2011-4-20,14023.31,1516,,0.033011741,1
2011-5-20,14155.59,1517,,0.009432866,1
2011-6-20,15591.39,1518,,0.101429894,1
2011-7-20,15595.77,1519,,0.000280924,1
2011-8-20,14839.84,1520,,-0.048470194,0
2011-9-20,15490.6,1521,,0.043852225,1
2011-10-20,15328.53,1522,,-0.010462474,0
2011-11-20,15317.04,1523,,-0.000749583,0
2011-12-20,15708.65,1524,,0.02556695,1
11/13/20,16295.57,1525,,0.037362854,1
11/14/20,16339.33,1526,,0.002685392,1
11/15/20,16091.07,1527,,-0.015194013,0
11/16/20,15968.16,1528,,-0.007638398,0
11/17/20,16725.15,1529,,0.047406213,1
11/18/20,17679.72,1530,,0.057073928,1
11/19/20,17798.45,1531,,0.006715604,1
11/20/20,17820.57,1532,,0.001242805,1
11/21/20,18687.45,1533,,0.048644909,1
11/22/20,18699.75,1534,,0.000658196,1
11/23/20,18422.28,1535,,-0.014838166,0
11/24/20,18398.91,1536,,-0.001268573,0
11/25/20,19172.52,1537,,0.042046513,1
11/26/20,18739.8,1538,,-0.022569803,0
11/27/20,17151.44,1539,,-0.084758642,0
11/28/20,17138.87,1540,,-0.000732883,0
11/29/20,17732.42,1541,,0.034631805,1
11/30/20,18191.6,1542,,0.025894943,1
2012-1-20,19709.73,1543,,0.083452253,1
2012-2-20,18792.52,1544,,-0.046535899,0
2012-3-20,19226.97,1545,,0.023118241,1
2012-4-20,19454.54,1546,,0.011835978,1
2012-5-20,18670.49,1547,,-0.040301647,0
2012-6-20,19155.06,1548,,0.025953791,1
2012-7-20,19377.66,1549,,0.01162095,1
2012-8-20,19181.41,1550,,-0.010127642,0
2012-9-20,18318.87,1551,,-0.044967497,0
2012-10-20,18554.15,1552,,0.012843587,1
2012-11-20,18247.76,1553,,-0.016513287,0
2012-12-20,18029.36,1554,,-0.011968592,0
12/13/20,18803.44,1555,,0.042934414,1
12/14/20,19164.48,1556,,0.019200742,1
12/15/20,19276.59,1557,,0.005849885,1
12/16/20,19439.75,1558,,0.008464153,1
12/17/20,21379.48,1559,,0.099781633,1
12/18/20,22847.46,1560,,0.068663036,1
12/19/20,23150.79,1561,,0.013276312,1
12/20/20,23869.92,1562,,0.031062871,1
12/21/20,23490.58,1563,,-0.015891968,0
12/22/20,22745.48,1564,,-0.031719098,0
12/23/20,23824.99,1565,,0.047460419,1
12/24/20,23253.37,1566,,-0.023992455,0
12/25/20,23715.53,1567,,0.019874969,1
12/26/20,24693.58,1568,,0.041240908,1
12/27/20,26443.21,1569,,0.070853639,1
12/28/20,26246.58,1570,,-0.007435935,0
12/29/20,27036.69,1571,,0.030103351,1
12/30/20,27376.37,1572,,0.012563668,1
12/31/20,28856.59,1573,,0.054069258,1
2001-1-21,28982.56,1574,,0.004365381,1
2001-2-21,29393.75,1575,,0.014187498,1
2001-3-21,32195.46,1576,,0.095316521,1
2001-4-21,33000.78,1577,,0.025013465,1
2001-5-21,32035.03,1578,,-0.02926446,0
2001-6-21,34046.67,1579,,0.062795009,1
2001-7-21,36860.41,1580,,0.082643618,1
2001-8-21,39486.04,1581,,0.071231709,1
2001-9-21,40670.25,1582,,0.029990599,1
2001-10-21,40240.72,1583,,-0.010561283,0
2001-11-21,38240.09,1584,,-0.049716556,0
2001-12-21,35544.94,1585,,-0.070479698,0
1/13/21,34011.82,1586,,-0.043131878,0
1/14/21,37393.13,1587,,0.099415733,1
1/15/21,39158.47,1588,,0.047210276,1
1/16/21,36828.52,1589,,-0.059500537,0
1/17/21,36065.2,1590,,-0.020726328,0
1/18/21,35793.01,1591,,-0.007547165,0
1/19/21,36632.35,1592,,0.02344983,1
1/20/21,36020.13,1593,,-0.016712551,0
1/21/21,35538.98,1594,,-0.013357809,0
1/22/21,30797.88,1595,,-0.13340563,0
1/23/21,33002.38,1596,,0.071579602,1
1/24/21,32099.74,1597,,-0.027350755,0
1/25/21,32276.84,1598,,0.005517179,1
1/26/21,32243.26,1599,,-0.001040374,0
1/27/21,32541.8,1600,,0.009258989,1
1/28/21,30419.17,1601,,-0.065227799,0
1/29/21,33403.17,1602,,0.098096036,1
1/30/21,34314.26,1603,,0.027275555,1
1/31/21,34318.1,1604,,0.000111907,1
2002-1-21,33136.46,1605,,-0.034431976,0
2002-2-21,33522.9,1606,,0.011662079,1
2002-3-21,35529.66,1607,,0.059862363,1
2002-4-21,37676.25,1608,,0.060416846,1
2002-5-21,37002.09,1609,,-0.017893501,0
2002-6-21,38278.61,1610,,0.034498592,1
2002-7-21,39323.26,1611,,0.027290698,1
2002-8-21,38928.1,1612,,-0.010049014,0
2002-9-21,46364.3,1613,,0.191023965,1
2002-10-21,46589.58,1614,,0.004858911,1
2002-11-21,44878.17,1615,,-0.03673375,0
2002-12-21,48013.38,1616,,0.069860469,1
2/13/21,47471.4,1617,,-0.011288103,0
2/14/21,47185.19,1618,,-0.006029104,0
2/15/21,48720.37,1619,,0.032535209,1
2/16/21,47951.85,1620,,-0.0157741,0
2/17/21,49160.1,1621,,0.025197151,1
2/18/21,52118.23,1622,,0.060173393,1
2/19/21,51608.15,1623,,-0.009786979,0
2/20/21,55916.5,1624,,0.083481969,1
2/21/21,56001.2,1625,,0.001514759,1
2/22/21,57487.86,1626,,0.026546931,1
2/23/21,54123.4,1627,,-0.058524704,0
2/24/21,48880.43,1628,,-0.09687067,0
2/25/21,50624.84,1629,,0.035687288,1
2/26/21,46800.42,1630,,-0.075544338,0
2/27/21,46340.31,1631,,-0.009831322,0
2/28/21,46155.87,1632,,-0.00398012,0
2003-1-21,45113.92,1633,,-0.022574593,0
2003-2-21,49618.43,1634,,0.099847453,1
2003-3-21,48356.04,1635,,-0.025441958,0
2003-4-21,50477.7,1636,,0.043875801,1
2003-5-21,48448.91,1637,,-0.040191807,0
2003-6-21,48861.38,1638,,0.008513504,1
2003-7-21,48881.59,1639,,0.000413619,1
2003-8-21,51169.7,1640,,0.046809238,1
2003-9-21,52299.33,1641,,0.022076151,1
2003-10-21,54881.52,1642,,0.04937329,1
2003-11-21,55997.23,1643,,0.02032943,1
2003-12-21,57764,1644,,0.031551025,1
3/13/21,57253.28,1645,,-0.008841493,0
3/14/21,61258.73,1646,,0.069960184,1
3/15/21,59133.47,1647,,-0.034693178,0
3/16/21,55754.72,1648,,-0.057137692,0
3/17/21,56872.38,1649,,0.020046016,1
3/18/21,58913,1650,,0.035880686,1
3/19/21,57665.9,1651,,-0.021168503,0
3/20/21,58075.1,1652,,0.007096048,1
3/21/21,58085.8,1653,,0.000184244,1
3/22/21,57411.17,1654,,-0.01161437,0
3/23/21,54204.96,1655,,-0.055846449,0
3/24/21,54477.46,1656,,0.005027215,1
3/25/21,52508.23,1657,,-0.03614761,0
3/26/21,51415.92,1658,,-0.020802644,0
3/27/21,55074.47,1659,,0.071155977,1
3/28/21,55863.93,1660,,0.014334409,1
3/29/21,55783.71,1661,,-0.001435989,0
3/30/21,57627.67,1662,,0.033055528,1
3/31/21,58730.13,1663,,0.01913074,1
2004-1-21,58735.25,1664,,8.71784E-05,1
2004-2-21,58736.92,1665,,2.84327E-05,1
2004-3-21,59031.32,1666,,0.00501218,1
2004-4-21,57076.49,1667,,-0.033115133,0
2004-5-21,58206.55,1668,,0.019799045,1
2004-6-21,59054.1,1669,,0.014561076,1
2004-7-21,58020.46,1670,,-0.017503272,0
2004-8-21,55947.27,1671,,-0.03573205,0
2004-9-21,58048.59,1672,,0.037558937,1
2004-10-21,58102.58,1673,,0.000930083,1
2004-11-21,59774,1674,,0.028766709,1
2004-12-21,59964.87,1675,,0.003193194,1
4/13/21,59834.74,1676,,-0.002170104,0
4/14/21,63554.44,1677,,0.062166227,1
4/15/21,62969.12,1678,,-0.009209742,0
4/16/21,63252.63,1679,,0.004502366,1
4/17/21,61455.98,1680,,-0.028404353,0
4/18/21,60087.09,1681,,-0.022274317,0
4/19/21,56251.48,1682,,-0.063834178,0
4/20/21,55703.14,1683,,-0.00974801,0
4/21/21,56507.91,1684,,0.01444748,1
4/22/21,53808.8,1685,,-0.047765171,0
4/23/21,51731.71,1686,,-0.038601307,0
4/24/21,51153.13,1687,,-0.011184243,0
4/25/21,50110.53,1688,,-0.020381939,0
4/26/21,49075.58,1689,,-0.020653344,0
4/27/21,54056.64,1690,,0.101497731,1
4/28/21,55071.46,1691,,0.018773272,1
4/29/21,54884.1,1692,,-0.003402125,0
4/30/21,53584.15,1693,,-0.023685366,0
2005-1-21,57796.62,1694,,0.078614105,1
2005-2-21,57857.5,1695,,0.001053349,1
2005-3-21,56610.46,1696,,-0.021553645,0
2005-4-21,57213.33,1697,,0.010649445,1
2005-5-21,53241.72,1698,,-0.069417564,0
2005-6-21,57473.23,1699,,0.079477335,1
2005-7-21,56428.16,1700,,-0.018183596,0
2005-8-21,57380.27,1701,,0.016872958,1
2005-9-21,58928.81,1702,,0.026987325,1
2005-10-21,58280.73,1703,,-0.010997677,0
2005-11-21,55883.5,1704,,-0.041132464,0
2005-12-21,56750,1705,,0.015505471,1
5/13/21,49007.09,1706,,-0.136438943,0
5/14/21,49702.27,1707,,0.014185294,1
5/15/21,49922.52,1708,,0.004431387,1
5/16/21,46736.58,1709,,-0.063817692,0
5/17/21,46441.64,1710,,-0.006310689,0
5/18/21,43596.24,1711,,-0.061268293,0
5/19/21,42912.19,1712,,-0.015690573,0
5/20/21,36964.27,1713,,-0.138606769,0
5/21/21,40784.32,1714,,0.103344392,1
5/22/21,37280.35,1715,,-0.085914636,0
5/23/21,37528.3,1716,,0.006650957,1
5/24/21,34754.54,1717,,-0.073911155,0
5/25/21,38728.59,1718,,0.114346212,1
5/26/21,38410.5,1719,,-0.008213312,0
5/27/21,39266.04,1720,,0.022273597,1
5/28/21,38445.29,1721,,-0.020902286,0
5/29/21,35689.62,1722,,-0.071677701,0
5/30/21,34647.67,1723,,-0.029194763,0
5/31/21,35684.59,1724,,0.029927554,1
2006-1-21,37310.54,1725,,0.045564486,1
2006-2-21,36662.64,1726,,-0.017365066,0
2006-3-21,37585.24,1727,,0.025164582,1
2006-4-21,39188.59,1728,,0.042659033,1
2006-5-21,36885.51,1729,,-0.058769147,0
2006-6-21,35530.38,1730,,-0.036738817,0
2006-7-21,35816.17,1731,,0.008043539,1
2006-8-21,33514.87,1732,,-0.064253101,0
2006-9-21,33450.19,1733,,-0.00192989,0
2006-10-21,37338.36,1734,,0.116237606,1
2006-11-21,36704.57,1735,,-0.016974232,0
2006-12-21,37313.18,1736,,0.016581314,1
6/13/21,35494.9,1737,,-0.048730234,0
6/14/21,39066.82,1738,,0.100631922,1
6/15/21,40525.8,1739,,0.037345758,1
6/16/21,40188.56,1740,,-0.008321612,0
6/17/21,38324.87,1741,,-0.046373645,0
6/18/21,38068.04,1742,,-0.006701393,0
6/19/21,35729.82,1743,,-0.061422127,0
6/20/21,35524.17,1744,,-0.005755697,0
6/21/21,35592.35,1745,,0.001919257,1
6/22/21,31686.55,1746,,-0.109737064,0
6/23/21,32447.59,1747,,0.024017761,1
6/24/21,33674.66,1748,,0.037816984,1
6/25/21,34639.38,1749,,0.028648248,1
6/26/21,31640.58,1750,,-0.086571988,0
6/27/21,32160.91,1751,,0.016445021,1
6/28/21,34644.45,1752,,0.077222317,1
6/29/21,34456.67,1753,,-0.005420204,0
6/30/21,35847.7,1754,,0.040370413,1
2007-1-21,35047.36,1755,,-0.022326119,0
2007-2-21,33536.88,1756,,-0.043098253,0
2007-3-21,33856.86,1757,,0.009541138,1
2007-4-21,34688.98,1758,,0.024577589,1
2007-5-21,35309.3,1759,,0.017882336,1
2007-6-21,33747.97,1760,,-0.044218662,0
2007-7-21,34211.01,1761,,0.013720529,1
2007-8-21,33839.04,1762,,-0.010872816,0
2007-9-21,32877.41,1763,,-0.028417768,0
2007-10-21,33818.52,1764,,0.028624822,1
2007-11-21,33515.57,1765,,-0.008958109,0
2007-12-21,34227.64,1766,,0.021245946,1
7/13/21,33158.25,1767,,-0.031243463,0
7/14/21,32686.56,1768,,-0.014225419,0
7/15/21,32814.61,1769,,0.003917512,1
7/16/21,31738.59,1770,,-0.032790882,0
7/17/21,31421.25,1771,,-0.009998554,0
7/18/21,31520.66,1772,,0.003163782,1
7/19/21,31783.49,1773,,0.008338341,1
7/20/21,30815.94,1774,,-0.030441906,0
7/21/21,29790.24,1775,,-0.033284722,0
7/22/21,32118.06,1776,,0.078140357,1
7/23/21,32297.89,1777,,0.005599031,1
7/24/21,33581.63,1778,,0.039746869,1
7/25/21,34279.34,1779,,0.020776538,1
7/26/21,35365.2,1780,,0.031676806,1
7/27/21,37318.14,1781,,0.055222083,1
7/28/21,39405.95,1782,,0.05594625,1
7/29/21,40002.53,1783,,0.015139338,1
7/30/21,40005.93,1784,,8.49946E-05,1
7/31/21,42214.15,1785,,0.055197317,1
2008-1-21,41659.06,1786,,-0.013149382,0
2008-2-21,40000.46,1787,,-0.039813668,0
2008-3-21,39193.94,1788,,-0.020162768,0
2008-4-21,38138,1789,,-0.02694141,0
2008-5-21,39750.14,1790,,0.042271226,1
2008-6-21,40882,1791,,0.028474365,1
2008-7-21,42825.95,1792,,0.047550267,1
2008-8-21,44634.13,1793,,0.042221597,1
2008-9-21,43816.14,1794,,-0.018326559,0
2008-10-21,46333.46,1795,,0.057451889,1
2008-11-21,45608.37,1796,,-0.015649382,0
2008-12-21,45611.46,1797,,6.77507E-05,1
8/13/21,44417.78,1798,,-0.026170616,0
8/14/21,47833.98,1799,,0.076910643,1
8/15/21,47112.19,1800,,-0.015089482,0
8/16/21,47056.41,1801,,-0.001183982,0
8/17/21,45982.55,1802,,-0.022820695,0
8/18/21,44648.57,1803,,-0.02901057,0
8/19/21,44777.86,1804,,0.002895725,1
8/20/21,46734.65,1805,,0.043699945,1
8/21/21,49327.75,1806,,0.055485598,1
8/22/21,48932.02,1807,,-0.008022462,0
8/23/21,49335.68,1808,,0.008249404,1
8/24/21,49523.5,1809,,0.003806981,1
8/25/21,47744.58,1810,,-0.035920725,0
8/26/21,48972.09,1811,,0.025709934,1
8/27/21,46962.8,1812,,-0.041029288,0
8/28/21,49056.86,1813,,0.04458976,1
8/29/21,48897.65,1814,,-0.003245418,0
8/30/21,48806.78,1815,,-0.001858372,0
8/31/21,47074.77,1816,,-0.035487078,0
2009-1-21,47155.87,1817,,0.001722791,1
2009-2-21,48862.76,1818,,0.036196766,1
2009-3-21,49329.01,1819,,0.009542032,1
2009-4-21,50035.33,1820,,0.014318552,1
2009-5-21,49947.38,1821,,-0.001757758,0
2009-6-21,51769.06,1822,,0.036471983,1
2009-7-21,52677.4,1823,,0.017546001,1
2009-8-21,46809.17,1824,,-0.111399386,0
2009-9-21,46078.38,1825,,-0.015612112,0
2009-10-21,46368.69,1826,,0.006300352,1
